"Cycle","Data State","Max Stress Mpa","Min Stress Mpa","Qual State","Stress Ratio","Time Max Stress Sec","Time Min Stress Sec","Count","Sample","Alloy","Material_Form","Heat"
1,"CapPass",171.96,-143.1,"Trend",1.202,1.67,12.93,1,"E-11","Alloy 617","Plate",314626
2,"CapPass",136.04,-143.8,"Trend",0.946,21.85,30.93,2,"E-11","Alloy 617","Plate",314626
3,"CapPass",137.32,-143.6,"Trend",0.956,40.47,49.81,3,"E-11","Alloy 617","Plate",314626
4,"CapPass",137.50,-143.4,"Trend",0.959,59.66,69.78,4,"E-11","Alloy 617","Plate",314626
5,"CapPass",137.55,-144.2,"Trend",0.954,79.69,89.72,5,"E-11","Alloy 617","Plate",314626
6,"CapPass",137.98,-143.6,"Trend",0.961,99.37,109.64,6,"E-11","Alloy 617","Plate",314626
7,"CapPass",137.75,-143.9,"Trend",0.957,118.75,129.57,7,"E-11","Alloy 617","Plate",314626
8,"CapPass",137.47,-144.2,"Trend",0.953,139.45,149.31,8,"E-11","Alloy 617","Plate",314626
9,"CapPass",137.06,-143.0,"Trend",0.958,158.77,169.57,9,"E-11","Alloy 617","Plate",314626
10,"CapPass",137.22,-143.6,"Trend",0.956,179.75,189.75,10,"E-11","Alloy 617","Plate",314626
11,"CapPass",137.32,-143.7,"Trend",0.955,198.89,209.75,11,"E-11","Alloy 617","Plate",314626
12,"CapPass",137.17,-143.2,"Trend",0.958,219.77,229.43,12,"E-11","Alloy 617","Plate",314626
13,"CapPass",136.99,-143.7,"Trend",0.953,239.59,249.68,13,"E-11","Alloy 617","Plate",314626
14,"CapPass",137.65,-144.7,"Trend",0.952,258.97,269.78,14,"E-11","Alloy 617","Plate",314626
15,"CapPass",137.47,-143.2,"Trend",0.960,279.15,289.80,15,"E-11","Alloy 617","Plate",314626
16,"CapPass",137.81,-142.9,"Trend",0.964,299.81,308.97,16,"E-11","Alloy 617","Plate",314626
17,"CapPass",137.63,-143.0,"Trend",0.963,319.83,329.16,17,"E-11","Alloy 617","Plate",314626
18,"CapPass",137.29,-143.6,"Trend",0.956,339.83,349.76,18,"E-11","Alloy 617","Plate",314626
19,"CapPass",137.11,-142.4,"Trend",0.963,359.53,369.84,19,"E-11","Alloy 617","Plate",314626
20,"CapPass",137.82,-143.3,"Trend",0.962,378.95,388.79,20,"E-11","Alloy 617","Plate",314626
21,"CapPass",137.29,-142.7,"Trend",0.962,399.85,409.41,21,"E-11","Alloy 617","Plate",314626
22,"CapPass",137.66,-142.7,"Trend",0.964,419.38,429.86,22,"E-11","Alloy 617","Plate",314626
23,"CapPass",137.02,-143.2,"Trend",0.957,439.54,449.88,23,"E-11","Alloy 617","Plate",314626
24,"CapPass",137.45,-143.2,"Trend",0.960,459.88,469.34,24,"E-11","Alloy 617","Plate",314626
25,"CapPass",136.95,-142.6,"Trend",0.960,479.07,489.90,25,"E-11","Alloy 617","Plate",314626
26,"CapPass",137.30,-143.3,"Trend",0.958,499.21,509.90,26,"E-11","Alloy 617","Plate",314626
27,"CapPass",136.91,-142.1,"Trend",0.964,518.98,529.91,27,"E-11","Alloy 617","Plate",314626
28,"CapPass",137.43,-142.7,"Trend",0.963,539.84,549.89,28,"E-11","Alloy 617","Plate",314626
29,"CapPass",137.48,-142.1,"Trend",0.968,559.13,569.86,29,"E-11","Alloy 617","Plate",314626
30,"CapPass",137.58,-142.0,"Trend",0.969,579.93,589.37,30,"E-11","Alloy 617","Plate",314626
31,"CapPass",136.86,-142.7,"Trend",0.959,599.71,609.94,31,"E-11","Alloy 617","Plate",314626
32,"CapPass",137.08,-143.1,"Trend",0.958,618.42,629.95,32,"E-11","Alloy 617","Plate",314626
33,"CapPass",136.84,-142.4,"Trend",0.961,639.62,649.97,33,"E-11","Alloy 617","Plate",314626
34,"CapPass",138.16,-142.2,"Trend",0.972,659.96,669.86,34,"E-11","Alloy 617","Plate",314626
35,"CapPass",137.28,-143.4,"Trend",0.957,679.12,689.97,35,"E-11","Alloy 617","Plate",314626
36,"CapPass",138.10,-142.3,"Trend",0.970,699.96,709.99,36,"E-11","Alloy 617","Plate",314626
37,"CapPass",136.55,-142.5,"Trend",0.958,719.88,729.89,37,"E-11","Alloy 617","Plate",314626
38,"CapPass",137.76,-143.0,"Trend",0.963,739.84,749.74,38,"E-11","Alloy 617","Plate",314626
39,"CapPass",136.75,-142.7,"Trend",0.958,759.53,769.99,39,"E-11","Alloy 617","Plate",314626
40,"CapPass",137.81,-141.5,"Trend",0.974,779.83,790.03,40,"E-11","Alloy 617","Plate",314626
41,"CapPass",137.74,-142.2,"Trend",0.969,799.85,809.16,41,"E-11","Alloy 617","Plate",314626
42,"CapPass",137.83,-141.5,"Trend",0.974,818.93,830.04,42,"E-11","Alloy 617","Plate",314626
43,"CapPass",136.67,-142.0,"Trend",0.963,839.16,849.82,43,"E-11","Alloy 617","Plate",314626
44,"CapPass",136.92,-142.5,"Trend",0.961,859.25,870.06,44,"E-11","Alloy 617","Plate",314626
45,"CapPass",137.93,-141.2,"Trend",0.977,879.91,889.62,45,"E-11","Alloy 617","Plate",314626
46,"CapPass",137.19,-142.0,"Trend",0.966,899.41,909.39,46,"E-11","Alloy 617","Plate",314626
47,"CapPass",136.85,-140.9,"Trend",0.971,920.08,929.92,47,"E-11","Alloy 617","Plate",314626
48,"CapPass",137.28,-141.3,"Trend",0.972,940.09,949.14,48,"E-11","Alloy 617","Plate",314626
49,"CapPass",137.43,-143.0,"Trend",0.961,960.10,970.11,49,"E-11","Alloy 617","Plate",314626
50,"CapPass",137.43,-142.4,"Trend",0.965,979.63,989.81,50,"E-11","Alloy 617","Plate",314626
51,"CapPass",138.15,-141.7,"Trend",0.975,1000.01,1009.73,51,"E-11","Alloy 617","Plate",314626
52,"CapPass",137.43,-141.3,"Trend",0.973,1020.05,1030.03,52,"E-11","Alloy 617","Plate",314626
53,"CapPass",138.33,-141.0,"Trend",0.981,1040.01,1050.00,53,"E-11","Alloy 617","Plate",314626
54,"CapPass",136.60,-141.2,"Trend",0.967,1059.93,1070.15,54,"E-11","Alloy 617","Plate",314626
55,"CapPass",137.21,-141.7,"Trend",0.968,1079.86,1090.12,55,"E-11","Alloy 617","Plate",314626
56,"CapPass",137.17,-140.5,"Trend",0.977,1099.74,1109.92,56,"E-11","Alloy 617","Plate",314626
57,"CapPass",136.78,-141.7,"Trend",0.966,1120.18,1130.17,57,"E-11","Alloy 617","Plate",314626
58,"CapPass",137.68,-141.3,"Trend",0.975,1139.33,1149.90,58,"E-11","Alloy 617","Plate",314626
59,"CapPass",136.89,-140.7,"Trend",0.973,1160.11,1170.19,59,"E-11","Alloy 617","Plate",314626
60,"CapPass",136.79,-140.9,"Trend",0.971,1180.15,1189.66,60,"E-11","Alloy 617","Plate",314626
61,"CapPass",137.98,-141.8,"Trend",0.973,1200.21,1209.97,61,"E-11","Alloy 617","Plate",314626
62,"CapPass",136.81,-141.1,"Trend",0.969,1219.25,1229.84,62,"E-11","Alloy 617","Plate",314626
63,"CapPass",137.22,-140.9,"Trend",0.974,1239.81,1250.23,63,"E-11","Alloy 617","Plate",314626
64,"CapPass",136.61,-141.3,"Trend",0.967,1260.13,1270.23,64,"E-11","Alloy 617","Plate",314626
65,"CapPass",137.57,-139.5,"Trend",0.986,1279.84,1289.90,65,"E-11","Alloy 617","Plate",314626
66,"CapPass",137.43,-140.7,"Trend",0.977,1300.23,1309.44,66,"E-11","Alloy 617","Plate",314626
67,"CapPass",136.93,-139.9,"Trend",0.979,1319.93,1330.26,67,"E-11","Alloy 617","Plate",314626
68,"CapPass",137.16,-140.6,"Trend",0.976,1339.25,1350.28,68,"E-11","Alloy 617","Plate",314626
69,"CapPass",136.90,-140.8,"Trend",0.973,1360.29,1370.22,69,"E-11","Alloy 617","Plate",314626
70,"CapPass",137.87,-140.9,"Trend",0.979,1380.14,1390.01,70,"E-11","Alloy 617","Plate",314626
71,"CapPass",137.43,-141.5,"Trend",0.971,1399.61,1410.29,71,"E-11","Alloy 617","Plate",314626
72,"CapPass",137.87,-141.1,"Trend",0.977,1420.20,1429.70,72,"E-11","Alloy 617","Plate",314626
73,"CapPass",136.95,-139.7,"Trend",0.980,1439.49,1450.32,73,"E-11","Alloy 617","Plate",314626
74,"CapPass",137.29,-140.5,"Trend",0.977,1459.73,1470.34,74,"E-11","Alloy 617","Plate",314626
75,"CapPass",138.04,-140.1,"Trend",0.986,1480.27,1490.33,75,"E-11","Alloy 617","Plate",314626
76,"CapPass",136.77,-140.4,"Trend",0.974,1500.07,1510.34,76,"E-11","Alloy 617","Plate",314626
77,"CapPass",137.07,-141.2,"Trend",0.971,1520.10,1530.18,77,"E-11","Alloy 617","Plate",314626
78,"CapPass",137.57,-140.2,"Trend",0.981,1539.62,1550.36,78,"E-11","Alloy 617","Plate",314626
79,"CapPass",136.73,-141.7,"Trend",0.965,1559.86,1570.36,79,"E-11","Alloy 617","Plate",314626
80,"CapPass",137.48,-140.4,"Trend",0.979,1580.00,1590.37,80,"E-11","Alloy 617","Plate",314626
81,"CapPass",136.95,-140.3,"Trend",0.976,1600.07,1609.82,81,"E-11","Alloy 617","Plate",314626
82,"CapPass",137.63,-140.5,"Trend",0.980,1620.39,1630.39,82,"E-11","Alloy 617","Plate",314626
83,"CapPass",136.99,-140.6,"Trend",0.975,1640.28,1650.42,83,"E-11","Alloy 617","Plate",314626
84,"CapPass",136.75,-140.3,"Trend",0.975,1660.40,1669.99,84,"E-11","Alloy 617","Plate",314626
85,"CapPass",137.01,-140.0,"Trend",0.978,1679.79,1690.35,85,"E-11","Alloy 617","Plate",314626
86,"CapPass",137.09,-141.0,"Trend",0.972,1700.19,1709.98,86,"E-11","Alloy 617","Plate",314626
87,"CapPass",136.07,-139.9,"Trend",0.973,1720.00,1730.43,87,"E-11","Alloy 617","Plate",314626
88,"CapPass",136.49,-140.7,"Trend",0.970,1739.94,1750.28,88,"E-11","Alloy 617","Plate",314626
89,"CapPass",137.41,-139.8,"Trend",0.983,1760.25,1770.46,89,"E-11","Alloy 617","Plate",314626
90,"CapPass",136.92,-139.6,"Trend",0.981,1779.91,1790.48,90,"E-11","Alloy 617","Plate",314626
91,"CapPass",136.78,-139.3,"Trend",0.982,1800.18,1810.47,91,"E-11","Alloy 617","Plate",314626
92,"CapPass",136.60,-140.2,"Trend",0.974,1820.45,1830.49,92,"E-11","Alloy 617","Plate",314626
93,"CapPass",137.04,-140.4,"Trend",0.976,1839.64,1850.50,93,"E-11","Alloy 617","Plate",314626
94,"CapPass",136.37,-138.7,"Trend",0.983,1859.89,1870.37,94,"E-11","Alloy 617","Plate",314626
95,"CapPass",136.73,-140.6,"Trend",0.972,1879.98,1890.09,95,"E-11","Alloy 617","Plate",314626
96,"CapPass",137.83,-140.3,"Trend",0.983,1900.52,1910.51,96,"E-11","Alloy 617","Plate",314626
97,"CapPass",136.97,-139.7,"Trend",0.981,1920.37,1929.97,97,"E-11","Alloy 617","Plate",314626
98,"CapPass",137.96,-139.7,"Trend",0.988,1940.53,1950.48,98,"E-11","Alloy 617","Plate",314626
99,"CapPass",136.43,-139.4,"Trend",0.979,1960.39,1970.55,99,"E-11","Alloy 617","Plate",314626
100,"CapPass",136.50,-139.6,"Trend",0.978,1979.66,1990.32,100,"E-11","Alloy 617","Plate",314626
101,"CapPass",136.66,-138.9,"Trend",0.984,2000.55,2009.86,101,"E-11","Alloy 617","Plate",314626
102,"CapPass",137.40,-138.8,"Trend",0.990,2020.15,2030.56,102,"E-11","Alloy 617","Plate",314626
103,"CapPass",136.90,-139.9,"Trend",0.979,2040.18,2050.36,103,"E-11","Alloy 617","Plate",314626
104,"CapPass",136.41,-138.3,"Trend",0.987,2060.05,2070.24,104,"E-11","Alloy 617","Plate",314626
105,"CapPass",136.54,-138.8,"Trend",0.983,2080.59,2090.51,105,"E-11","Alloy 617","Plate",314626
106,"CapPass",136.95,-140.3,"Trend",0.976,2100.55,2110.32,106,"E-11","Alloy 617","Plate",314626
107,"CapPass",136.77,-137.9,"Trend",0.992,2120.33,2130.18,107,"E-11","Alloy 617","Plate",314626
108,"CapPass",137.26,-139.6,"Trend",0.983,2140.30,2150.60,108,"E-11","Alloy 617","Plate",314626
109,"CapPass",136.57,-139.5,"Trend",0.979,2159.90,2170.64,109,"E-11","Alloy 617","Plate",314626
110,"CapPass",137.33,-139.1,"Trend",0.987,2180.64,2190.52,110,"E-11","Alloy 617","Plate",314626
111,"CapPass",137.10,-139.1,"Trend",0.986,2200.65,2210.47,111,"E-11","Alloy 617","Plate",314626
112,"CapPass",136.59,-139.1,"Trend",0.982,2220.63,2230.41,112,"E-11","Alloy 617","Plate",314626
113,"CapPass",136.87,-138.7,"Trend",0.987,2240.54,2250.66,113,"E-11","Alloy 617","Plate",314626
114,"CapPass",137.60,-138.3,"Trend",0.995,2260.59,2270.47,114,"E-11","Alloy 617","Plate",314626
115,"CapPass",136.24,-138.6,"Trend",0.983,2280.68,2290.48,115,"E-11","Alloy 617","Plate",314626
116,"CapPass",136.89,-138.7,"Trend",0.987,2300.19,2310.68,116,"E-11","Alloy 617","Plate",314626
117,"CapPass",136.90,-138.9,"Trend",0.985,2320.56,2330.51,117,"E-11","Alloy 617","Plate",314626
118,"CapPass",137.25,-137.7,"Trend",0.996,2340.69,2350.59,118,"E-11","Alloy 617","Plate",314626
119,"CapPass",137.61,-138.5,"Trend",0.994,2360.38,2370.44,119,"E-11","Alloy 617","Plate",314626
120,"CapPass",136.20,-138.6,"Trend",0.983,2380.02,2390.66,120,"E-11","Alloy 617","Plate",314626
121,"CapPass",136.73,-138.8,"Trend",0.985,2400.69,2410.75,121,"E-11","Alloy 617","Plate",314626
122,"CapPass",138.00,-138.0,"Trend",1.000,2420.64,2429.38,122,"E-11","Alloy 617","Plate",314626
123,"CapPass",136.36,-137.1,"Trend",0.994,2440.09,2450.19,123,"E-11","Alloy 617","Plate",314626
124,"CapPass",136.40,-137.2,"Trend",0.994,2460.19,2470.77,124,"E-11","Alloy 617","Plate",314626
125,"CapPass",136.71,-137.6,"Trend",0.994,2480.78,2490.73,125,"E-11","Alloy 617","Plate",314626
126,"CapPass",136.19,-138.3,"Trend",0.985,2499.67,2510.78,126,"E-11","Alloy 617","Plate",314626
127,"CapPass",137.25,-138.2,"Trend",0.993,2520.35,2530.68,127,"E-11","Alloy 617","Plate",314626
128,"CapPass",136.53,-138.1,"Trend",0.989,2540.79,2550.16,128,"E-11","Alloy 617","Plate",314626
129,"CapPass",136.42,-138.2,"Trend",0.987,2560.82,2570.47,129,"E-11","Alloy 617","Plate",314626
130,"CapPass",135.94,-137.2,"Trend",0.991,2579.69,2590.09,130,"E-11","Alloy 617","Plate",314626
131,"CapPass",136.37,-138.3,"Trend",0.986,2600.54,2610.84,131,"E-11","Alloy 617","Plate",314626
132,"CapPass",136.57,-138.3,"Trend",0.987,2620.81,2630.33,132,"E-11","Alloy 617","Plate",314626
133,"CapPass",136.34,-138.0,"Trend",0.988,2640.30,2650.84,133,"E-11","Alloy 617","Plate",314626
134,"CapPass",136.81,-138.0,"Trend",0.991,2660.21,2670.70,134,"E-11","Alloy 617","Plate",314626
135,"CapPass",136.54,-137.9,"Trend",0.990,2680.57,2690.76,135,"E-11","Alloy 617","Plate",314626
136,"CapPass",136.75,-139.2,"Trend",0.983,2700.39,2710.39,136,"E-11","Alloy 617","Plate",314626
137,"CapPass",136.95,-137.6,"Trend",0.995,2720.89,2730.89,137,"E-11","Alloy 617","Plate",314626
138,"CapPass",135.90,-137.3,"Trend",0.989,2739.97,2750.79,138,"E-11","Alloy 617","Plate",314626
139,"CapPass",135.85,-137.6,"Trend",0.987,2760.61,2770.77,139,"E-11","Alloy 617","Plate",314626
140,"CapPass",137.19,-137.1,"Trend",1.001,2780.90,2790.79,140,"E-11","Alloy 617","Plate",314626
141,"CapPass",136.29,-136.4,"Trend",0.999,2800.92,2809.97,141,"E-11","Alloy 617","Plate",314626
142,"CapPass",136.38,-137.5,"Trend",0.992,2820.06,2830.92,142,"E-11","Alloy 617","Plate",314626
143,"CapPass",136.89,-137.4,"Trend",0.997,2840.53,2850.92,143,"E-11","Alloy 617","Plate",314626
144,"CapPass",135.88,-137.7,"Trend",0.986,2860.81,2870.18,144,"E-11","Alloy 617","Plate",314626
145,"CapPass",136.71,-137.6,"Trend",0.993,2880.94,2890.94,145,"E-11","Alloy 617","Plate",314626
146,"CapPass",136.67,-137.5,"Trend",0.994,2900.37,2910.94,146,"E-11","Alloy 617","Plate",314626
147,"CapPass",137.18,-138.2,"Trend",0.993,2920.15,2930.75,147,"E-11","Alloy 617","Plate",314626
148,"CapPass",136.29,-137.9,"Trend",0.988,2940.97,2950.86,148,"E-11","Alloy 617","Plate",314626
149,"CapPass",136.52,-138.1,"Trend",0.988,2960.57,2970.99,149,"E-11","Alloy 617","Plate",314626
150,"CapPass",135.92,-136.5,"Trend",0.996,2981.00,2990.21,150,"E-11","Alloy 617","Plate",314626
151,"CapPass",137.03,-136.9,"Trend",1.001,3000.35,3010.72,151,"E-11","Alloy 617","Plate",314626
152,"CapPass",136.82,-136.4,"Trend",1.003,3020.37,3030.88,152,"E-11","Alloy 617","Plate",314626
153,"CapPass",137.01,-137.6,"Trend",0.995,3040.91,3051.02,153,"E-11","Alloy 617","Plate",314626
154,"CapPass",137.57,-137.2,"Trend",1.003,3061.04,3070.70,154,"E-11","Alloy 617","Plate",314626
155,"CapPass",136.24,-136.3,"Trend",1.000,3081.04,3091.04,155,"E-11","Alloy 617","Plate",314626
156,"CapPass",136.16,-138.4,"Trend",0.984,3099.80,3111.05,156,"E-11","Alloy 617","Plate",314626
157,"CapPass",135.95,-137.6,"Trend",0.988,3120.55,3131.00,157,"E-11","Alloy 617","Plate",314626
158,"CapPass",137.26,-136.6,"Trend",1.005,3140.65,3150.71,158,"E-11","Alloy 617","Plate",314626
159,"CapPass",135.99,-137.3,"Trend",0.991,3161.02,3171.05,159,"E-11","Alloy 617","Plate",314626
160,"CapPass",136.47,-137.6,"Trend",0.992,3181.08,3191.08,160,"E-11","Alloy 617","Plate",314626
161,"CapPass",137.04,-137.2,"Trend",0.998,3201.09,3210.91,161,"E-11","Alloy 617","Plate",314626
162,"CapPass",136.72,-136.6,"Trend",1.001,3221.04,3231.10,162,"E-11","Alloy 617","Plate",314626
163,"CapPass",137.01,-136.5,"Trend",1.004,3241.09,3251.08,163,"E-11","Alloy 617","Plate",314626
164,"CapPass",136.46,-137.1,"Trend",0.995,3260.72,3271.11,164,"E-11","Alloy 617","Plate",314626
165,"CapPass",136.59,-136.6,"Trend",1.000,3281.10,3291.13,165,"E-11","Alloy 617","Plate",314626
166,"CapPass",136.75,-136.5,"Trend",1.002,3300.42,3310.66,166,"E-11","Alloy 617","Plate",314626
167,"CapPass",136.28,-136.6,"Trend",0.997,3320.17,3330.51,167,"E-11","Alloy 617","Plate",314626
168,"CapPass",136.87,-136.2,"Trend",1.005,3341.15,3350.09,168,"E-11","Alloy 617","Plate",314626
169,"CapPass",136.66,-137.1,"Trend",0.997,3360.74,3370.91,169,"E-11","Alloy 617","Plate",314626
170,"CapPass",136.39,-136.2,"Trend",1.001,3381.17,3390.50,170,"E-11","Alloy 617","Plate",314626
171,"CapPass",135.73,-136.1,"Trend",0.997,3401.05,3411.00,171,"E-11","Alloy 617","Plate",314626
172,"CapPass",136.08,-136.4,"Trend",0.997,3421.15,3431.19,172,"E-11","Alloy 617","Plate",314626
173,"CapPass",136.41,-136.7,"Trend",0.998,3440.21,3450.72,173,"E-11","Alloy 617","Plate",314626
174,"CapPass",135.63,-136.3,"Trend",0.995,3460.65,3471.21,174,"E-11","Alloy 617","Plate",314626
175,"CapPass",136.13,-136.3,"Trend",0.999,3481.21,3491.17,175,"E-11","Alloy 617","Plate",314626
176,"CapPass",135.34,-136.0,"Trend",0.995,3500.29,3510.07,176,"E-11","Alloy 617","Plate",314626
177,"CapPass",136.28,-135.5,"Trend",1.006,3520.80,3530.90,177,"E-11","Alloy 617","Plate",314626
178,"CapPass",136.68,-136.8,"Trend",0.999,3541.07,3551.07,178,"E-11","Alloy 617","Plate",314626
179,"CapPass",136.15,-135.8,"Trend",1.002,3561.25,3571.22,179,"E-11","Alloy 617","Plate",314626
180,"CapPass",136.10,-136.3,"Trend",0.999,3580.92,3590.88,180,"E-11","Alloy 617","Plate",314626
181,"CapPass",135.98,-136.5,"Trend",0.996,3601.27,3611.26,181,"E-11","Alloy 617","Plate",314626
182,"CapPass",135.84,-136.5,"Trend",0.995,3621.03,3631.16,182,"E-11","Alloy 617","Plate",314626
183,"CapPass",135.54,-136.7,"Trend",0.991,3641.12,3651.29,183,"E-11","Alloy 617","Plate",314626
184,"CapPass",136.11,-136.8,"Trend",0.995,3661.13,3671.30,184,"E-11","Alloy 617","Plate",314626
185,"CapPass",135.79,-135.7,"Trend",1.001,3681.11,3691.29,185,"E-11","Alloy 617","Plate",314626
186,"CapPass",135.54,-135.1,"Trend",1.003,3700.44,3710.67,186,"E-11","Alloy 617","Plate",314626
187,"CapPass",135.98,-136.4,"Trend",0.997,3721.32,3730.98,187,"E-11","Alloy 617","Plate",314626
188,"CapPass",135.54,-137.3,"Trend",0.987,3740.67,3751.31,188,"E-11","Alloy 617","Plate",314626
189,"CapPass",135.89,-135.9,"Trend",1.000,3760.95,3771.03,189,"E-11","Alloy 617","Plate",314626
190,"CapPass",135.62,-135.3,"Trend",1.003,3780.99,3790.74,190,"E-11","Alloy 617","Plate",314626
191,"CapPass",135.72,-135.9,"Trend",0.999,3801.02,3811.12,191,"E-11","Alloy 617","Plate",314626
192,"CapPass",135.50,-135.2,"Trend",1.002,3821.36,3831.06,192,"E-11","Alloy 617","Plate",314626
193,"CapPass",135.39,-135.7,"Trend",0.998,3839.10,3851.34,193,"E-11","Alloy 617","Plate",314626
194,"CapPass",136.18,-135.1,"Trend",1.008,3861.03,3870.60,194,"E-11","Alloy 617","Plate",314626
195,"CapPass",136.04,-135.3,"Trend",1.006,3881.38,3890.95,195,"E-11","Alloy 617","Plate",314626
196,"CapPass",136.31,-136.4,"Trend",0.999,3901.40,3911.25,196,"E-11","Alloy 617","Plate",314626
197,"CapPass",135.99,-136.1,"Trend",0.999,3921.36,3931.36,197,"E-11","Alloy 617","Plate",314626
198,"CapPass",135.93,-135.4,"Trend",1.004,3941.06,3951.02,198,"E-11","Alloy 617","Plate",314626
199,"CapPass",135.25,-135.8,"Trend",0.996,3960.68,3971.44,199,"E-11","Alloy 617","Plate",314626
200,"CapPass",136.10,-135.3,"Trend",1.006,3981.04,3991.43,200,"E-11","Alloy 617","Plate",314626
201,"CapPass",136.33,-135.9,"Trend",1.003,4001.35,4011.37,201,"E-11","Alloy 617","Plate",314626
202,"CapPass",135.62,-134.7,"Trend",1.007,4021.33,4031.08,202,"E-11","Alloy 617","Plate",314626
203,"CapPass",135.18,-136.3,"Trend",0.992,4041.46,4051.27,203,"E-11","Alloy 617","Plate",314626
204,"CapPass",135.72,-135.5,"Trend",1.002,4061.34,4071.46,204,"E-11","Alloy 617","Plate",314626
205,"CapPass",135.65,-135.4,"Trend",1.002,4081.24,4091.29,205,"E-11","Alloy 617","Plate",314626
206,"CapPass",136.26,-136.0,"Trend",1.002,4100.82,4111.47,206,"E-11","Alloy 617","Plate",314626
207,"CapPass",135.59,-135.6,"Trend",1.000,4120.68,4131.35,207,"E-11","Alloy 617","Plate",314626
208,"CapPass",135.61,-135.9,"Trend",0.998,4140.27,4151.20,208,"E-11","Alloy 617","Plate",314626
209,"CapPass",136.05,-135.1,"Trend",1.007,4161.03,4171.10,209,"E-11","Alloy 617","Plate",314626
210,"CapPass",135.40,-135.4,"Trend",1.000,4181.51,4191.53,210,"E-11","Alloy 617","Plate",314626
211,"CapPass",135.02,-135.4,"Trend",0.998,4201.43,4211.43,211,"E-11","Alloy 617","Plate",314626
212,"CapPass",135.85,-134.2,"Trend",1.012,4220.99,4231.37,212,"E-11","Alloy 617","Plate",314626
213,"CapPass",136.45,-134.2,"Trend",1.017,4241.55,4251.55,213,"E-11","Alloy 617","Plate",314626
214,"CapPass",135.77,-135.1,"Trend",1.005,4261.30,4271.51,214,"E-11","Alloy 617","Plate",314626
215,"CapPass",136.51,-135.0,"Trend",1.011,4281.34,4291.57,215,"E-11","Alloy 617","Plate",314626
216,"CapPass",135.97,-134.2,"Trend",1.013,4301.17,4311.13,216,"E-11","Alloy 617","Plate",314626
217,"CapPass",135.53,-135.1,"Trend",1.003,4321.52,4331.58,217,"E-11","Alloy 617","Plate",314626
218,"CapPass",135.72,-135.0,"Trend",1.005,4341.56,4351.59,218,"E-11","Alloy 617","Plate",314626
219,"CapPass",134.98,-135.1,"Trend",0.999,4361.24,4371.58,219,"E-11","Alloy 617","Plate",314626
220,"CapPass",135.87,-133.9,"Trend",1.015,4380.92,4391.35,220,"E-11","Alloy 617","Plate",314626
221,"CapPass",134.46,-135.1,"Trend",0.996,4399.62,4411.54,221,"E-11","Alloy 617","Plate",314626
222,"CapPass",135.53,-134.0,"Trend",1.012,4420.87,4431.64,222,"E-11","Alloy 617","Plate",314626
223,"CapPass",135.17,-133.6,"Trend",1.012,4441.15,4451.65,223,"E-11","Alloy 617","Plate",314626
224,"CapPass",135.99,-135.1,"Trend",1.007,4461.20,4471.61,224,"E-11","Alloy 617","Plate",314626
225,"CapPass",135.22,-134.5,"Trend",1.005,4481.34,4491.65,225,"E-11","Alloy 617","Plate",314626
226,"CapPass",135.62,-134.2,"Trend",1.010,4501.66,4511.18,226,"E-11","Alloy 617","Plate",314626
227,"CapPass",135.11,-133.7,"Trend",1.011,4521.65,4531.30,227,"E-11","Alloy 617","Plate",314626
228,"CapPass",135.31,-133.7,"Trend",1.012,4541.32,4550.91,228,"E-11","Alloy 617","Plate",314626
229,"CapPass",135.18,-135.5,"Trend",0.997,4560.68,4571.61,229,"E-11","Alloy 617","Plate",314626
230,"CapPass",135.23,-135.0,"Trend",1.002,4581.59,4591.55,230,"E-11","Alloy 617","Plate",314626
231,"CapPass",135.47,-134.4,"Trend",1.008,4600.93,4611.27,231,"E-11","Alloy 617","Plate",314626
232,"CapPass",135.74,-134.7,"Trend",1.008,4620.70,4631.70,232,"E-11","Alloy 617","Plate",314626
233,"CapPass",134.73,-133.3,"Trend",1.011,4641.61,4650.69,233,"E-11","Alloy 617","Plate",314626
234,"CapPass",134.95,-133.3,"Trend",1.012,4661.72,4670.82,234,"E-11","Alloy 617","Plate",314626
235,"CapPass",136.55,-134.5,"Trend",1.016,4680.91,4691.51,235,"E-11","Alloy 617","Plate",314626
236,"CapPass",135.40,-135.2,"Trend",1.002,4701.69,4711.65,236,"E-11","Alloy 617","Plate",314626
237,"CapPass",134.82,-134.5,"Trend",1.002,4721.57,4731.21,237,"E-11","Alloy 617","Plate",314626
238,"CapPass",135.22,-134.4,"Trend",1.006,4741.70,4751.76,238,"E-11","Alloy 617","Plate",314626
239,"CapPass",135.07,-135.3,"Trend",0.998,4761.70,4771.75,239,"E-11","Alloy 617","Plate",314626
240,"CapPass",135.49,-133.8,"Trend",1.013,4781.62,4790.46,240,"E-11","Alloy 617","Plate",314626
241,"CapPass",135.54,-134.1,"Trend",1.010,4801.71,4811.44,241,"E-11","Alloy 617","Plate",314626
242,"CapPass",135.56,-133.8,"Trend",1.013,4821.65,4831.55,242,"E-11","Alloy 617","Plate",314626
243,"CapPass",135.34,-134.2,"Trend",1.009,4841.31,4851.54,243,"E-11","Alloy 617","Plate",314626
244,"CapPass",135.08,-134.8,"Trend",1.002,4861.81,4871.81,244,"E-11","Alloy 617","Plate",314626
245,"CapPass",135.22,-134.0,"Trend",1.009,4881.49,4891.84,245,"E-11","Alloy 617","Plate",314626
246,"CapPass",134.13,-133.4,"Trend",1.005,4901.60,4911.84,246,"E-11","Alloy 617","Plate",314626
247,"CapPass",135.50,-133.1,"Trend",1.018,4921.77,4931.75,247,"E-11","Alloy 617","Plate",314626
248,"CapPass",135.62,-134.0,"Trend",1.012,4941.63,4951.66,248,"E-11","Alloy 617","Plate",314626
249,"CapPass",135.58,-133.5,"Trend",1.015,4961.58,4970.85,249,"E-11","Alloy 617","Plate",314626
250,"CapPass",134.55,-133.3,"Trend",1.010,4981.85,4991.89,250,"E-11","Alloy 617","Plate",314626
251,"CapPass",134.83,-134.6,"Trend",1.002,5001.49,5011.33,251,"E-11","Alloy 617","Plate",314626
252,"CapPass",134.57,-133.5,"Trend",1.008,5021.23,5030.73,252,"E-11","Alloy 617","Plate",314626
253,"CapPass",134.67,-133.6,"Trend",1.008,5040.77,5051.83,253,"E-11","Alloy 617","Plate",314626
254,"CapPass",135.02,-132.9,"Trend",1.016,5060.92,5071.88,254,"E-11","Alloy 617","Plate",314626
255,"CapPass",135.87,-133.2,"Trend",1.020,5081.67,5091.35,255,"E-11","Alloy 617","Plate",314626
256,"CapPass",134.87,-133.0,"Trend",1.014,5101.92,5111.70,256,"E-11","Alloy 617","Plate",314626
257,"CapPass",133.80,-133.2,"Trend",1.005,5120.94,5131.94,257,"E-11","Alloy 617","Plate",314626
258,"CapPass",134.68,-132.9,"Trend",1.014,5141.39,5151.95,258,"E-11","Alloy 617","Plate",314626
259,"CapPass",135.09,-133.9,"Trend",1.009,5161.18,5171.50,259,"E-11","Alloy 617","Plate",314626
260,"CapPass",134.33,-132.8,"Trend",1.012,5181.62,5191.96,260,"E-11","Alloy 617","Plate",314626
261,"CapPass",135.26,-133.0,"Trend",1.017,5200.86,5211.97,261,"E-11","Alloy 617","Plate",314626
262,"CapPass",135.26,-133.5,"Trend",1.013,5221.98,5231.72,262,"E-11","Alloy 617","Plate",314626
263,"CapPass",134.32,-133.0,"Trend",1.010,5241.29,5251.42,263,"E-11","Alloy 617","Plate",314626
264,"CapPass",135.00,-133.4,"Trend",1.012,5261.66,5271.66,264,"E-11","Alloy 617","Plate",314626
265,"CapPass",134.78,-132.3,"Trend",1.019,5281.41,5292.01,265,"E-11","Alloy 617","Plate",314626
266,"CapPass",135.21,-133.8,"Trend",1.010,5302.01,5311.58,266,"E-11","Alloy 617","Plate",314626
267,"CapPass",135.20,-133.0,"Trend",1.017,5321.43,5332.02,267,"E-11","Alloy 617","Plate",314626
268,"CapPass",135.42,-132.4,"Trend",1.023,5341.74,5351.49,268,"E-11","Alloy 617","Plate",314626
269,"CapPass",134.79,-133.1,"Trend",1.013,5362.04,5372.04,269,"E-11","Alloy 617","Plate",314626
270,"CapPass",134.35,-132.7,"Trend",1.012,5381.94,5391.72,270,"E-11","Alloy 617","Plate",314626
271,"CapPass",134.22,-133.4,"Trend",1.006,5402.05,5412.04,271,"E-11","Alloy 617","Plate",314626
272,"CapPass",135.81,-133.4,"Trend",1.018,5422.01,5431.97,272,"E-11","Alloy 617","Plate",314626
273,"CapPass",134.66,-133.1,"Trend",1.012,5441.81,5452.05,273,"E-11","Alloy 617","Plate",314626
274,"CapPass",134.77,-133.7,"Trend",1.008,5461.31,5471.57,274,"E-11","Alloy 617","Plate",314626
275,"CapPass",134.34,-132.7,"Trend",1.012,5481.64,5491.63,275,"E-11","Alloy 617","Plate",314626
276,"CapPass",134.56,-132.3,"Trend",1.017,5502.09,5512.10,276,"E-11","Alloy 617","Plate",314626
277,"CapPass",134.54,-132.9,"Trend",1.012,5521.42,5532.08,277,"E-11","Alloy 617","Plate",314626
278,"CapPass",134.55,-133.2,"Trend",1.010,5541.76,5552.12,278,"E-11","Alloy 617","Plate",314626
279,"CapPass",134.47,-134.0,"Trend",1.004,5562.07,5572.04,279,"E-11","Alloy 617","Plate",314626
280,"CapPass",133.59,-133.7,"Trend",0.999,5581.57,5591.88,280,"E-11","Alloy 617","Plate",314626
281,"CapPass",134.00,-132.1,"Trend",1.015,5602.16,5612.14,281,"E-11","Alloy 617","Plate",314626
282,"CapPass",134.06,-132.2,"Trend",1.014,5622.15,5632.17,282,"E-11","Alloy 617","Plate",314626
283,"CapPass",134.02,-132.6,"Trend",1.011,5641.84,5651.87,283,"E-11","Alloy 617","Plate",314626
284,"CapPass",134.75,-132.7,"Trend",1.016,5661.95,5671.99,284,"E-11","Alloy 617","Plate",314626
285,"CapPass",133.83,-132.1,"Trend",1.013,5681.15,5691.99,285,"E-11","Alloy 617","Plate",314626
286,"CapPass",134.96,-133.6,"Trend",1.010,5702.07,5711.93,286,"E-11","Alloy 617","Plate",314626
287,"CapPass",135.25,-131.9,"Trend",1.026,5722.20,5732.16,287,"E-11","Alloy 617","Plate",314626
288,"CapPass",135.26,-132.2,"Trend",1.023,5741.78,5752.17,288,"E-11","Alloy 617","Plate",314626
289,"CapPass",134.44,-131.9,"Trend",1.019,5762.10,5771.57,289,"E-11","Alloy 617","Plate",314626
290,"CapPass",134.54,-131.5,"Trend",1.023,5782.12,5791.86,290,"E-11","Alloy 617","Plate",314626
291,"CapPass",135.08,-131.6,"Trend",1.027,5801.58,5812.23,291,"E-11","Alloy 617","Plate",314626
292,"CapPass",134.83,-132.4,"Trend",1.019,5821.88,5832.07,292,"E-11","Alloy 617","Plate",314626
293,"CapPass",134.12,-133.0,"Trend",1.009,5841.63,5852.17,293,"E-11","Alloy 617","Plate",314626
294,"CapPass",134.04,-132.0,"Trend",1.015,5862.25,5871.56,294,"E-11","Alloy 617","Plate",314626
295,"CapPass",134.31,-131.6,"Trend",1.020,5882.01,5891.59,295,"E-11","Alloy 617","Plate",314626
296,"CapPass",134.48,-132.5,"Trend",1.015,5902.28,5912.18,296,"E-11","Alloy 617","Plate",314626
297,"CapPass",133.95,-131.0,"Trend",1.022,5922.28,5932.28,297,"E-11","Alloy 617","Plate",314626
298,"CapPass",133.79,-131.5,"Trend",1.017,5941.81,5952.30,298,"E-11","Alloy 617","Plate",314626
299,"CapPass",134.39,-130.9,"Trend",1.026,5961.96,5972.29,299,"E-11","Alloy 617","Plate",314626
300,"CapPass",134.87,-133.0,"Trend",1.014,5982.32,5991.71,300,"E-11","Alloy 617","Plate",314626
301,"CapPass",134.05,-131.9,"Trend",1.016,6001.88,6012.32,301,"E-11","Alloy 617","Plate",314626
302,"CapPass",134.97,-132.8,"Trend",1.017,6022.27,6032.33,302,"E-11","Alloy 617","Plate",314626
303,"CapPass",134.65,-132.1,"Trend",1.020,6041.99,6052.13,303,"E-11","Alloy 617","Plate",314626
304,"CapPass",134.03,-131.0,"Trend",1.023,6062.06,6070.90,304,"E-11","Alloy 617","Plate",314626
305,"CapPass",133.88,-132.0,"Trend",1.014,6082.29,6091.86,305,"E-11","Alloy 617","Plate",314626
306,"CapPass",133.81,-131.9,"Trend",1.014,6101.83,6112.28,306,"E-11","Alloy 617","Plate",314626
307,"CapPass",133.33,-131.9,"Trend",1.011,6121.65,6132.31,307,"E-11","Alloy 617","Plate",314626
308,"CapPass",134.26,-131.7,"Trend",1.020,6141.85,6152.05,308,"E-11","Alloy 617","Plate",314626
309,"CapPass",133.79,-131.6,"Trend",1.016,6162.14,6172.38,309,"E-11","Alloy 617","Plate",314626
310,"CapPass",134.04,-133.0,"Trend",1.008,6182.20,6192.18,310,"E-11","Alloy 617","Plate",314626
311,"CapPass",133.91,-131.8,"Trend",1.016,6202.40,6212.41,311,"E-11","Alloy 617","Plate",314626
312,"CapPass",133.95,-132.7,"Trend",1.010,6222.12,6232.41,312,"E-11","Alloy 617","Plate",314626
313,"CapPass",134.28,-131.9,"Trend",1.018,6242.44,6251.31,313,"E-11","Alloy 617","Plate",314626
314,"CapPass",133.88,-132.6,"Trend",1.010,6262.33,6272.43,314,"E-11","Alloy 617","Plate",314626
315,"CapPass",133.41,-130.9,"Trend",1.019,6282.05,6292.45,315,"E-11","Alloy 617","Plate",314626
316,"CapPass",134.04,-130.5,"Trend",1.027,6302.11,6311.91,316,"E-11","Alloy 617","Plate",314626
317,"CapPass",133.29,-131.9,"Trend",1.010,6322.07,6331.95,317,"E-11","Alloy 617","Plate",314626
318,"CapPass",132.76,-131.9,"Trend",1.007,6342.48,6352.48,318,"E-11","Alloy 617","Plate",314626
319,"CapPass",134.12,-132.0,"Trend",1.016,6362.13,6372.49,319,"E-11","Alloy 617","Plate",314626
320,"CapPass",133.79,-131.3,"Trend",1.019,6382.30,6392.49,320,"E-11","Alloy 617","Plate",314626
321,"CapPass",134.23,-130.7,"Trend",1.027,6402.05,6412.21,321,"E-11","Alloy 617","Plate",314626
322,"CapPass",133.40,-131.5,"Trend",1.014,6422.49,6432.51,322,"E-11","Alloy 617","Plate",314626
323,"CapPass",133.93,-131.2,"Trend",1.021,6442.25,6452.45,323,"E-11","Alloy 617","Plate",314626
324,"CapPass",133.36,-131.6,"Trend",1.014,6462.32,6472.52,324,"E-11","Alloy 617","Plate",314626
325,"CapPass",133.80,-130.9,"Trend",1.023,6482.42,6492.29,325,"E-11","Alloy 617","Plate",314626
326,"CapPass",133.01,-132.3,"Trend",1.006,6502.55,6512.53,326,"E-11","Alloy 617","Plate",314626
327,"CapPass",133.35,-130.7,"Trend",1.020,6521.63,6531.87,327,"E-11","Alloy 617","Plate",314626
328,"CapPass",132.87,-130.6,"Trend",1.017,6541.81,6552.55,328,"E-11","Alloy 617","Plate",314626
329,"CapPass",133.85,-131.1,"Trend",1.021,6562.26,6572.41,329,"E-11","Alloy 617","Plate",314626
330,"CapPass",133.13,-131.1,"Trend",1.015,6582.49,6592.58,330,"E-11","Alloy 617","Plate",314626
331,"CapPass",132.72,-131.2,"Trend",1.011,6602.49,6612.54,331,"E-11","Alloy 617","Plate",314626
332,"CapPass",133.75,-130.7,"Trend",1.023,6622.23,6632.60,332,"E-11","Alloy 617","Plate",314626
333,"CapPass",133.52,-130.9,"Trend",1.020,6641.91,6652.60,333,"E-11","Alloy 617","Plate",314626
334,"CapPass",133.00,-130.1,"Trend",1.022,6662.61,6672.06,334,"E-11","Alloy 617","Plate",314626
335,"CapPass",133.22,-130.9,"Trend",1.017,6682.07,6692.09,335,"E-11","Alloy 617","Plate",314626
336,"CapPass",133.23,-131.1,"Trend",1.017,6702.50,6712.64,336,"E-11","Alloy 617","Plate",314626
337,"CapPass",133.22,-130.9,"Trend",1.018,6722.59,6732.61,337,"E-11","Alloy 617","Plate",314626
338,"CapPass",133.36,-129.8,"Trend",1.028,6742.20,6752.39,338,"E-11","Alloy 617","Plate",314626
339,"CapPass",132.05,-130.3,"Trend",1.013,6762.65,6772.51,339,"E-11","Alloy 617","Plate",314626
340,"CapPass",133.13,-130.6,"Trend",1.019,6782.67,6792.66,340,"E-11","Alloy 617","Plate",314626
341,"CapPass",133.30,-129.8,"Trend",1.027,6802.62,6812.68,341,"E-11","Alloy 617","Plate",314626
342,"CapPass",133.00,-130.3,"Trend",1.021,6822.08,6832.28,342,"E-11","Alloy 617","Plate",314626
343,"CapPass",133.14,-130.1,"Trend",1.023,6841.76,6852.69,343,"E-11","Alloy 617","Plate",314626
344,"CapPass",132.50,-130.5,"Trend",1.015,6862.69,6872.68,344,"E-11","Alloy 617","Plate",314626
345,"CapPass",132.78,-130.3,"Trend",1.019,6882.52,6892.18,345,"E-11","Alloy 617","Plate",314626
346,"CapPass",133.63,-130.6,"Trend",1.023,6902.38,6912.50,346,"E-11","Alloy 617","Plate",314626
347,"CapPass",133.20,-130.6,"Trend",1.020,6922.69,6932.67,347,"E-11","Alloy 617","Plate",314626
348,"CapPass",132.91,-129.5,"Trend",1.026,6942.72,6952.46,348,"E-11","Alloy 617","Plate",314626
349,"CapPass",132.55,-130.6,"Trend",1.015,6962.35,6972.74,349,"E-11","Alloy 617","Plate",314626
350,"CapPass",132.92,-129.5,"Trend",1.027,6982.66,6992.76,350,"E-11","Alloy 617","Plate",314626
351,"CapPass",132.72,-130.3,"Trend",1.019,7001.63,7012.76,351,"E-11","Alloy 617","Plate",314626
352,"CapPass",132.31,-129.0,"Trend",1.026,7022.78,7032.43,352,"E-11","Alloy 617","Plate",314626
353,"CapPass",133.05,-130.1,"Trend",1.023,7042.23,7052.45,353,"E-11","Alloy 617","Plate",314626
354,"CapPass",133.14,-129.6,"Trend",1.027,7062.72,7072.70,354,"E-11","Alloy 617","Plate",314626
355,"CapPass",132.59,-130.5,"Trend",1.016,7082.20,7092.80,355,"E-11","Alloy 617","Plate",314626
356,"CapPass",132.93,-130.6,"Trend",1.018,7102.53,7112.82,356,"E-11","Alloy 617","Plate",314626
357,"CapPass",132.08,-129.9,"Trend",1.017,7122.13,7132.78,357,"E-11","Alloy 617","Plate",314626
358,"CapPass",132.73,-129.4,"Trend",1.026,7142.61,7152.79,358,"E-11","Alloy 617","Plate",314626
359,"CapPass",132.56,-129.8,"Trend",1.022,7162.59,7172.17,359,"E-11","Alloy 617","Plate",314626
360,"CapPass",132.89,-129.4,"Trend",1.027,7182.28,7192.67,360,"E-11","Alloy 617","Plate",314626
361,"CapPass",132.49,-130.6,"Trend",1.015,7202.73,7212.70,361,"E-11","Alloy 617","Plate",314626
362,"CapPass",133.00,-129.8,"Trend",1.025,7222.68,7232.87,362,"E-11","Alloy 617","Plate",314626
363,"CapPass",132.73,-129.9,"Trend",1.022,7242.87,7252.57,363,"E-11","Alloy 617","Plate",314626
364,"CapPass",132.26,-129.5,"Trend",1.021,7262.44,7272.66,364,"E-11","Alloy 617","Plate",314626
365,"CapPass",132.38,-129.7,"Trend",1.021,7282.88,7292.71,365,"E-11","Alloy 617","Plate",314626
366,"CapPass",132.44,-129.2,"Trend",1.025,7301.73,7312.78,366,"E-11","Alloy 617","Plate",314626
367,"CapPass",132.12,-130.4,"Trend",1.013,7322.03,7332.91,367,"E-11","Alloy 617","Plate",314626
368,"CapPass",132.31,-130.2,"Trend",1.016,7342.91,7352.93,368,"E-11","Alloy 617","Plate",314626
369,"CapPass",132.13,-129.2,"Trend",1.023,7362.43,7372.58,369,"E-11","Alloy 617","Plate",314626
370,"CapPass",132.11,-129.7,"Trend",1.018,7382.93,7392.68,370,"E-11","Alloy 617","Plate",314626
371,"CapPass",131.75,-130.5,"Trend",1.010,7402.63,7412.80,371,"E-11","Alloy 617","Plate",314626
372,"CapPass",131.71,-129.0,"Trend",1.021,7422.44,7432.51,372,"E-11","Alloy 617","Plate",314626
373,"CapPass",132.28,-128.8,"Trend",1.027,7442.87,7452.65,373,"E-11","Alloy 617","Plate",314626
374,"CapPass",131.91,-129.1,"Trend",1.022,7462.27,7472.25,374,"E-11","Alloy 617","Plate",314626
375,"CapPass",132.18,-128.9,"Trend",1.025,7482.71,7492.96,375,"E-11","Alloy 617","Plate",314626
376,"CapPass",132.57,-129.2,"Trend",1.026,7501.45,7512.63,376,"E-11","Alloy 617","Plate",314626
377,"CapPass",132.92,-130.0,"Trend",1.022,7523.00,7532.54,377,"E-11","Alloy 617","Plate",314626
378,"CapPass",132.25,-129.7,"Trend",1.020,7542.98,7552.90,378,"E-11","Alloy 617","Plate",314626
379,"CapPass",132.15,-129.1,"Trend",1.024,7562.64,7572.56,379,"E-11","Alloy 617","Plate",314626
380,"CapPass",132.22,-128.7,"Trend",1.027,7582.59,7593.03,380,"E-11","Alloy 617","Plate",314626
381,"CapPass",131.61,-128.4,"Trend",1.025,7602.00,7613.01,381,"E-11","Alloy 617","Plate",314626
382,"CapPass",131.43,-130.1,"Trend",1.010,7621.80,7632.96,382,"E-11","Alloy 617","Plate",314626
383,"CapPass",132.31,-129.3,"Trend",1.023,7642.37,7652.87,383,"E-11","Alloy 617","Plate",314626
384,"CapPass",132.40,-127.5,"Trend",1.038,7662.83,7672.78,384,"E-11","Alloy 617","Plate",314626
385,"CapPass",131.84,-129.1,"Trend",1.021,7682.09,7692.90,385,"E-11","Alloy 617","Plate",314626
386,"CapPass",131.41,-129.0,"Trend",1.019,7703.08,7712.75,386,"E-11","Alloy 617","Plate",314626
387,"CapPass",131.71,-129.0,"Trend",1.021,7723.07,7733.09,387,"E-11","Alloy 617","Plate",314626
388,"CapPass",132.23,-128.4,"Trend",1.030,7743.09,7752.51,388,"E-11","Alloy 617","Plate",314626
389,"CapPass",131.95,-128.9,"Trend",1.024,7763.03,7773.10,389,"E-11","Alloy 617","Plate",314626
390,"CapPass",131.82,-127.6,"Trend",1.033,7782.50,7793.12,390,"E-11","Alloy 617","Plate",314626
391,"CapPass",131.72,-128.9,"Trend",1.022,7802.34,7812.63,391,"E-11","Alloy 617","Plate",314626
392,"CapPass",132.33,-127.8,"Trend",1.036,7822.57,7833.14,392,"E-11","Alloy 617","Plate",314626
393,"CapPass",131.97,-128.9,"Trend",1.023,7843.12,7853.13,393,"E-11","Alloy 617","Plate",314626
394,"CapPass",131.63,-128.9,"Trend",1.021,7863.13,7873.09,394,"E-11","Alloy 617","Plate",314626
395,"CapPass",131.97,-128.9,"Trend",1.024,7882.82,7893.16,395,"E-11","Alloy 617","Plate",314626
396,"CapPass",132.03,-128.6,"Trend",1.027,7903.16,7913.17,396,"E-11","Alloy 617","Plate",314626
397,"CapPass",131.45,-129.0,"Trend",1.019,7921.64,7933.11,397,"E-11","Alloy 617","Plate",314626
398,"CapPass",132.19,-128.6,"Trend",1.028,7942.70,7953.10,398,"E-11","Alloy 617","Plate",314626
399,"CapPass",131.75,-127.9,"Trend",1.030,7963.03,7972.74,399,"E-11","Alloy 617","Plate",314626
400,"CapPass",131.27,-129.3,"Trend",1.015,7982.67,7993.19,400,"E-11","Alloy 617","Plate",314626
401,"CapPass",131.24,-128.0,"Trend",1.025,8002.39,8012.86,401,"E-11","Alloy 617","Plate",314626
402,"CapPass",132.45,-128.7,"Trend",1.029,8022.65,8033.13,402,"E-11","Alloy 617","Plate",314626
403,"CapPass",131.53,-127.9,"Trend",1.029,8043.22,8053.21,403,"E-11","Alloy 617","Plate",314626
404,"CapPass",131.18,-128.2,"Trend",1.023,8062.17,8073.23,404,"E-11","Alloy 617","Plate",314626
405,"CapPass",131.04,-127.6,"Trend",1.027,8082.51,8093.23,405,"E-11","Alloy 617","Plate",314626
406,"CapPass",131.04,-128.2,"Trend",1.022,8103.25,8113.26,406,"E-11","Alloy 617","Plate",314626
407,"CapPass",130.72,-128.7,"Trend",1.015,8122.83,8133.06,407,"E-11","Alloy 617","Plate",314626
408,"CapPass",131.10,-128.6,"Trend",1.019,8142.13,8153.27,408,"E-11","Alloy 617","Plate",314626
409,"CapPass",130.93,-128.6,"Trend",1.018,8163.21,8173.28,409,"E-11","Alloy 617","Plate",314626
410,"CapPass",131.94,-128.9,"Trend",1.023,8182.83,8193.28,410,"E-11","Alloy 617","Plate",314626
411,"CapPass",130.65,-127.8,"Trend",1.022,8203.20,8213.11,411,"E-11","Alloy 617","Plate",314626
412,"CapPass",131.57,-127.8,"Trend",1.030,8223.30,8233.11,412,"E-11","Alloy 617","Plate",314626
413,"CapPass",130.27,-127.2,"Trend",1.024,8242.90,8253.26,413,"E-11","Alloy 617","Plate",314626
414,"CapPass",131.64,-128.8,"Trend",1.022,8262.79,8273.33,414,"E-11","Alloy 617","Plate",314626
415,"CapPass",130.61,-128.5,"Trend",1.016,8283.32,8293.04,415,"E-11","Alloy 617","Plate",314626
416,"CapPass",131.07,-127.9,"Trend",1.024,8303.30,8313.33,416,"E-11","Alloy 617","Plate",314626
417,"CapPass",131.17,-127.3,"Trend",1.031,8322.95,8333.32,417,"E-11","Alloy 617","Plate",314626
418,"CapPass",130.94,-127.8,"Trend",1.025,8342.91,8353.30,418,"E-11","Alloy 617","Plate",314626
419,"CapPass",129.95,-127.7,"Trend",1.018,8363.35,8372.93,419,"E-11","Alloy 617","Plate",314626
420,"CapPass",130.59,-128.5,"Trend",1.016,8382.79,8393.39,420,"E-11","Alloy 617","Plate",314626
421,"CapPass",130.78,-128.5,"Trend",1.017,8403.36,8413.27,421,"E-11","Alloy 617","Plate",314626
422,"CapPass",130.52,-128.3,"Trend",1.017,8422.46,8433.40,422,"E-11","Alloy 617","Plate",314626
423,"CapPass",130.53,-126.6,"Trend",1.031,8443.04,8453.04,423,"E-11","Alloy 617","Plate",314626
424,"CapPass",130.19,-128.1,"Trend",1.016,8463.10,8473.21,424,"E-11","Alloy 617","Plate",314626
425,"CapPass",131.07,-128.1,"Trend",1.023,8483.41,8493.26,425,"E-11","Alloy 617","Plate",314626
426,"CapPass",130.86,-126.9,"Trend",1.031,8503.42,8513.05,426,"E-11","Alloy 617","Plate",314626
427,"CapPass",130.69,-127.7,"Trend",1.023,8522.60,8533.43,427,"E-11","Alloy 617","Plate",314626
428,"CapPass",129.86,-127.3,"Trend",1.020,8543.44,8553.34,428,"E-11","Alloy 617","Plate",314626
429,"CapPass",129.88,-127.0,"Trend",1.022,8562.32,8573.45,429,"E-11","Alloy 617","Plate",314626
430,"CapPass",130.58,-127.1,"Trend",1.028,8583.46,8593.46,430,"E-11","Alloy 617","Plate",314626
431,"CapPass",130.30,-126.4,"Trend",1.031,8603.46,8612.69,431,"E-11","Alloy 617","Plate",314626
432,"CapPass",130.30,-127.7,"Trend",1.020,8623.16,8633.47,432,"E-11","Alloy 617","Plate",314626
433,"CapPass",130.52,-127.1,"Trend",1.027,8643.34,8653.49,433,"E-11","Alloy 617","Plate",314626
434,"CapPass",130.13,-126.6,"Trend",1.028,8663.31,8673.25,434,"E-11","Alloy 617","Plate",314626
435,"CapPass",129.95,-126.5,"Trend",1.027,8682.91,8693.51,435,"E-11","Alloy 617","Plate",314626
436,"CapPass",130.50,-127.1,"Trend",1.026,8703.05,8713.37,436,"E-11","Alloy 617","Plate",314626
437,"CapPass",129.96,-127.8,"Trend",1.017,8723.29,8733.47,437,"E-11","Alloy 617","Plate",314626
438,"CapPass",129.70,-127.0,"Trend",1.022,8742.98,8753.52,438,"E-11","Alloy 617","Plate",314626
439,"CapPass",130.76,-127.4,"Trend",1.026,8763.51,8773.19,439,"E-11","Alloy 617","Plate",314626
440,"CapPass",130.81,-126.0,"Trend",1.038,8783.27,8793.56,440,"E-11","Alloy 617","Plate",314626
441,"CapPass",130.68,-127.1,"Trend",1.028,8803.35,8813.51,441,"E-11","Alloy 617","Plate",314626
442,"CapPass",129.88,-125.8,"Trend",1.033,8823.38,8833.46,442,"E-11","Alloy 617","Plate",314626
443,"CapPass",130.00,-127.0,"Trend",1.024,8843.44,8853.57,443,"E-11","Alloy 617","Plate",314626
444,"CapPass",130.26,-126.2,"Trend",1.032,8863.55,8873.61,444,"E-11","Alloy 617","Plate",314626
445,"CapPass",129.54,-126.9,"Trend",1.021,8883.27,8893.57,445,"E-11","Alloy 617","Plate",314626
446,"CapPass",129.38,-128.2,"Trend",1.010,8903.53,8913.53,446,"E-11","Alloy 617","Plate",314626
447,"CapPass",129.36,-125.9,"Trend",1.028,8923.62,8933.31,447,"E-11","Alloy 617","Plate",314626
448,"CapPass",130.67,-127.1,"Trend",1.028,8943.55,8953.50,448,"E-11","Alloy 617","Plate",314626
449,"CapPass",129.46,-127.0,"Trend",1.019,8962.60,8973.62,449,"E-11","Alloy 617","Plate",314626
450,"CapPass",130.34,-127.1,"Trend",1.025,8983.37,8993.63,450,"E-11","Alloy 617","Plate",314626
451,"CapPass",129.34,-127.3,"Trend",1.016,9003.65,9013.65,451,"E-11","Alloy 617","Plate",314626
452,"CapPass",129.42,-126.7,"Trend",1.022,9023.60,9033.59,452,"E-11","Alloy 617","Plate",314626
453,"CapPass",128.58,-126.2,"Trend",1.019,9042.97,9053.11,453,"E-11","Alloy 617","Plate",314626
454,"CapPass",129.02,-125.4,"Trend",1.029,9062.36,9073.68,454,"E-11","Alloy 617","Plate",314626
455,"CapPass",129.55,-126.1,"Trend",1.028,9082.97,9093.68,455,"E-11","Alloy 617","Plate",314626
456,"CapPass",129.14,-126.8,"Trend",1.018,9103.01,9113.69,456,"E-11","Alloy 617","Plate",314626
457,"CapPass",128.85,-126.2,"Trend",1.021,9123.07,9133.71,457,"E-11","Alloy 617","Plate",314626
458,"CapPass",129.09,-126.0,"Trend",1.024,9142.44,9153.71,458,"E-11","Alloy 617","Plate",314626
459,"CapPass",128.94,-125.2,"Trend",1.030,9163.58,9173.72,459,"E-11","Alloy 617","Plate",314626
460,"CapPass",129.29,-127.2,"Trend",1.016,9183.71,9193.71,460,"E-11","Alloy 617","Plate",314626
461,"CapPass",128.76,-126.7,"Trend",1.016,9203.73,9213.74,461,"E-11","Alloy 617","Plate",314626
462,"CapPass",129.96,-126.2,"Trend",1.029,9223.74,9233.65,462,"E-11","Alloy 617","Plate",314626
463,"CapPass",128.53,-126.0,"Trend",1.020,9242.82,9253.76,463,"E-11","Alloy 617","Plate",314626
464,"CapPass",129.03,-125.9,"Trend",1.025,9263.18,9273.77,464,"E-11","Alloy 617","Plate",314626
465,"CapPass",128.41,-125.3,"Trend",1.024,9282.53,9293.74,465,"E-11","Alloy 617","Plate",314626
466,"CapPass",128.66,-126.2,"Trend",1.019,9302.43,9313.76,466,"E-11","Alloy 617","Plate",314626
467,"CapPass",129.28,-125.7,"Trend",1.028,9323.79,9333.78,467,"E-11","Alloy 617","Plate",314626
468,"CapPass",129.74,-124.6,"Trend",1.041,9343.36,9353.80,468,"E-11","Alloy 617","Plate",314626
469,"CapPass",129.35,-126.0,"Trend",1.027,9363.53,9373.81,469,"E-11","Alloy 617","Plate",314626
470,"CapPass",128.20,-125.6,"Trend",1.021,9383.83,9393.77,470,"E-11","Alloy 617","Plate",314626
471,"CapPass",129.51,-125.8,"Trend",1.029,9403.82,9413.84,471,"E-11","Alloy 617","Plate",314626
472,"CapPass",128.94,-124.9,"Trend",1.032,9423.04,9433.82,472,"E-11","Alloy 617","Plate",314626
473,"CapPass",128.33,-125.7,"Trend",1.021,9443.39,9453.73,473,"E-11","Alloy 617","Plate",314626
474,"CapPass",128.86,-125.1,"Trend",1.030,9463.85,9473.82,474,"E-11","Alloy 617","Plate",314626
475,"CapPass",128.31,-125.5,"Trend",1.022,9483.66,9493.86,475,"E-11","Alloy 617","Plate",314626
476,"CapPass",128.56,-124.7,"Trend",1.031,9503.71,9513.86,476,"E-11","Alloy 617","Plate",314626
477,"CapPass",128.38,-125.5,"Trend",1.023,9523.10,9533.84,477,"E-11","Alloy 617","Plate",314626
478,"CapPass",128.58,-125.4,"Trend",1.026,9543.87,9553.88,478,"E-11","Alloy 617","Plate",314626
479,"CapPass",128.81,-125.2,"Trend",1.029,9562.78,9573.89,479,"E-11","Alloy 617","Plate",314626
480,"CapPass",127.64,-125.3,"Trend",1.019,9583.88,9593.89,480,"E-11","Alloy 617","Plate",314626
481,"CapPass",127.90,-124.7,"Trend",1.025,9603.27,9613.79,481,"E-11","Alloy 617","Plate",314626
482,"CapPass",127.70,-124.6,"Trend",1.025,9623.91,9633.92,482,"E-11","Alloy 617","Plate",314626
483,"CapPass",128.26,-124.8,"Trend",1.028,9643.74,9653.39,483,"E-11","Alloy 617","Plate",314626
484,"CapPass",127.60,-125.2,"Trend",1.019,9663.46,9673.93,484,"E-11","Alloy 617","Plate",314626
485,"CapPass",127.94,-126.6,"Trend",1.011,9683.95,9693.82,485,"E-11","Alloy 617","Plate",314626
486,"CapPass",128.18,-124.0,"Trend",1.034,9703.93,9713.56,486,"E-11","Alloy 617","Plate",314626
487,"CapPass",127.83,-123.8,"Trend",1.032,9723.36,9733.58,487,"E-11","Alloy 617","Plate",314626
488,"CapPass",127.73,-125.2,"Trend",1.020,9743.59,9753.79,488,"E-11","Alloy 617","Plate",314626
489,"CapPass",128.50,-124.6,"Trend",1.031,9763.86,9773.98,489,"E-11","Alloy 617","Plate",314626
490,"CapPass",127.75,-124.1,"Trend",1.030,9783.79,9793.99,490,"E-11","Alloy 617","Plate",314626
491,"CapPass",128.25,-124.3,"Trend",1.032,9804.00,9813.99,491,"E-11","Alloy 617","Plate",314626
492,"CapPass",127.20,-124.7,"Trend",1.020,9823.99,9834.00,492,"E-11","Alloy 617","Plate",314626
493,"CapPass",127.78,-125.5,"Trend",1.018,9842.98,9854.02,493,"E-11","Alloy 617","Plate",314626
494,"CapPass",127.95,-124.4,"Trend",1.028,9864.01,9874.02,494,"E-11","Alloy 617","Plate",314626
495,"CapPass",127.79,-124.2,"Trend",1.029,9883.14,9894.04,495,"E-11","Alloy 617","Plate",314626
496,"CapPass",127.23,-124.0,"Trend",1.026,9904.04,9914.03,496,"E-11","Alloy 617","Plate",314626
497,"CapPass",127.36,-123.4,"Trend",1.032,9923.31,9934.07,497,"E-11","Alloy 617","Plate",314626
498,"CapPass",127.41,-123.8,"Trend",1.029,9942.86,9954.07,498,"E-11","Alloy 617","Plate",314626
499,"CapPass",127.65,-124.0,"Trend",1.030,9964.05,9974.08,499,"E-11","Alloy 617","Plate",314626
500,"CapPass",126.66,-123.7,"Trend",1.024,9983.11,9994.06,500,"E-11","Alloy 617","Plate",314626
501,"CapPass",127.28,-124.7,"Trend",1.020,10003.70,10014.06,501,"E-11","Alloy 617","Plate",314626
502,"CapPass",127.82,-122.8,"Trend",1.041,10024.09,10033.37,502,"E-11","Alloy 617","Plate",314626
503,"CapPass",126.90,-124.0,"Trend",1.023,10044.01,10054.11,503,"E-11","Alloy 617","Plate",314626
504,"CapPass",127.07,-123.7,"Trend",1.027,10063.62,10074.12,504,"E-11","Alloy 617","Plate",314626
505,"CapPass",127.04,-123.2,"Trend",1.031,10084.12,10094.13,505,"E-11","Alloy 617","Plate",314626
506,"CapPass",127.35,-123.5,"Trend",1.031,10104.01,10114.00,506,"E-11","Alloy 617","Plate",314626
507,"CapPass",126.90,-123.5,"Trend",1.027,10124.13,10134.09,507,"E-11","Alloy 617","Plate",314626
508,"CapPass",126.66,-123.9,"Trend",1.022,10144.16,10154.15,508,"E-11","Alloy 617","Plate",314626
509,"CapPass",127.47,-122.8,"Trend",1.038,10164.03,10174.12,509,"E-11","Alloy 617","Plate",314626
510,"CapPass",126.16,-123.6,"Trend",1.021,10182.03,10194.15,510,"E-11","Alloy 617","Plate",314626
511,"CapPass",126.35,-122.0,"Trend",1.035,10204.17,10213.91,511,"E-11","Alloy 617","Plate",314626
512,"CapPass",126.60,-123.2,"Trend",1.027,10224.17,10234.20,512,"E-11","Alloy 617","Plate",314626
513,"CapPass",125.83,-122.7,"Trend",1.026,10244.20,10254.19,513,"E-11","Alloy 617","Plate",314626
514,"CapPass",126.57,-123.3,"Trend",1.027,10264.01,10274.17,514,"E-11","Alloy 617","Plate",314626
515,"CapPass",126.38,-124.6,"Trend",1.014,10283.40,10294.21,515,"E-11","Alloy 617","Plate",314626
516,"CapPass",126.21,-123.2,"Trend",1.024,10304.17,10314.21,516,"E-11","Alloy 617","Plate",314626
517,"CapPass",126.28,-123.1,"Trend",1.026,10324.23,10334.14,517,"E-11","Alloy 617","Plate",314626
518,"CapPass",126.66,-124.1,"Trend",1.021,10344.23,10354.23,518,"E-11","Alloy 617","Plate",314626
519,"CapPass",126.69,-123.4,"Trend",1.027,10364.24,10374.25,519,"E-11","Alloy 617","Plate",314626
520,"CapPass",126.24,-123.4,"Trend",1.023,10383.95,10394.26,520,"E-11","Alloy 617","Plate",314626
521,"CapPass",126.26,-124.0,"Trend",1.018,10403.96,10414.25,521,"E-11","Alloy 617","Plate",314626
522,"CapPass",126.04,-122.8,"Trend",1.026,10423.93,10434.26,522,"E-11","Alloy 617","Plate",314626
523,"CapPass",125.62,-123.6,"Trend",1.017,10443.64,10454.25,523,"E-11","Alloy 617","Plate",314626
524,"CapPass",125.87,-123.8,"Trend",1.016,10464.07,10474.29,524,"E-11","Alloy 617","Plate",314626
525,"CapPass",125.53,-123.2,"Trend",1.019,10483.27,10494.28,525,"E-11","Alloy 617","Plate",314626
526,"CapPass",125.83,-122.7,"Trend",1.026,10503.78,10514.32,526,"E-11","Alloy 617","Plate",314626
527,"CapPass",126.04,-123.3,"Trend",1.022,10524.32,10534.28,527,"E-11","Alloy 617","Plate",314626
528,"CapPass",126.01,-122.0,"Trend",1.033,10544.04,10554.34,528,"E-11","Alloy 617","Plate",314626
529,"CapPass",126.42,-122.2,"Trend",1.034,10564.29,10574.34,529,"E-11","Alloy 617","Plate",314626
530,"CapPass",126.02,-122.4,"Trend",1.029,10584.35,10594.35,530,"E-11","Alloy 617","Plate",314626
531,"CapPass",125.45,-122.2,"Trend",1.027,10604.35,10614.36,531,"E-11","Alloy 617","Plate",314626
532,"CapPass",125.18,-123.4,"Trend",1.015,10624.35,10634.36,532,"E-11","Alloy 617","Plate",314626
533,"CapPass",125.52,-122.7,"Trend",1.023,10644.26,10654.35,533,"E-11","Alloy 617","Plate",314626
534,"CapPass",125.11,-122.8,"Trend",1.019,10664.04,10674.38,534,"E-11","Alloy 617","Plate",314626
535,"CapPass",125.65,-122.9,"Trend",1.022,10684.28,10694.40,535,"E-11","Alloy 617","Plate",314626
536,"CapPass",125.18,-121.0,"Trend",1.035,10704.38,10714.40,536,"E-11","Alloy 617","Plate",314626
537,"CapPass",126.02,-122.3,"Trend",1.031,10724.39,10734.40,537,"E-11","Alloy 617","Plate",314626
538,"CapPass",124.85,-121.9,"Trend",1.024,10744.17,10754.42,538,"E-11","Alloy 617","Plate",314626
539,"CapPass",124.52,-120.6,"Trend",1.033,10764.42,10774.42,539,"E-11","Alloy 617","Plate",314626
540,"CapPass",124.90,-122.9,"Trend",1.016,10783.35,10794.28,540,"E-11","Alloy 617","Plate",314626
541,"CapPass",125.75,-123.1,"Trend",1.021,10804.43,10814.42,541,"E-11","Alloy 617","Plate",314626
542,"CapPass",125.88,-121.6,"Trend",1.035,10824.44,10834.41,542,"E-11","Alloy 617","Plate",314626
543,"CapPass",124.09,-121.2,"Trend",1.024,10843.61,10854.33,543,"E-11","Alloy 617","Plate",314626
544,"CapPass",123.94,-121.4,"Trend",1.021,10863.82,10874.47,544,"E-11","Alloy 617","Plate",314626
545,"CapPass",124.57,-119.8,"Trend",1.040,10884.47,10894.46,545,"E-11","Alloy 617","Plate",314626
546,"CapPass",124.37,-121.2,"Trend",1.026,10904.49,10914.48,546,"E-11","Alloy 617","Plate",314626
547,"CapPass",125.10,-121.3,"Trend",1.031,10924.32,10934.49,547,"E-11","Alloy 617","Plate",314626
548,"CapPass",124.95,-120.2,"Trend",1.040,10943.98,10954.49,548,"E-11","Alloy 617","Plate",314626
549,"CapPass",124.11,-120.5,"Trend",1.030,10964.44,10974.49,549,"E-11","Alloy 617","Plate",314626
550,"CapPass",125.22,-120.5,"Trend",1.039,10984.24,10994.53,550,"E-11","Alloy 617","Plate",314626
551,"CapPass",124.25,-120.1,"Trend",1.035,11004.48,11014.54,551,"E-11","Alloy 617","Plate",314626
552,"CapPass",123.84,-121.7,"Trend",1.018,11024.32,11034.54,552,"E-11","Alloy 617","Plate",314626
553,"CapPass",124.68,-121.2,"Trend",1.029,11044.06,11054.56,553,"E-11","Alloy 617","Plate",314626
554,"CapPass",123.77,-121.2,"Trend",1.021,11064.46,11074.55,554,"E-11","Alloy 617","Plate",314626
555,"CapPass",124.10,-120.4,"Trend",1.031,11084.55,11094.56,555,"E-11","Alloy 617","Plate",314626
556,"CapPass",123.11,-120.9,"Trend",1.019,11103.71,11114.58,556,"E-11","Alloy 617","Plate",314626
557,"CapPass",122.56,-120.5,"Trend",1.017,11123.95,11134.58,557,"E-11","Alloy 617","Plate",314626
558,"CapPass",123.40,-120.8,"Trend",1.022,11144.09,11154.54,558,"E-11","Alloy 617","Plate",314626
559,"CapPass",123.38,-119.8,"Trend",1.030,11164.60,11174.60,559,"E-11","Alloy 617","Plate",314626
560,"CapPass",124.43,-120.3,"Trend",1.034,11184.41,11194.62,560,"E-11","Alloy 617","Plate",314626
561,"CapPass",123.64,-121.3,"Trend",1.020,11203.95,11214.57,561,"E-11","Alloy 617","Plate",314626
562,"CapPass",124.03,-120.5,"Trend",1.029,11224.31,11234.53,562,"E-11","Alloy 617","Plate",314626
563,"CapPass",123.51,-120.3,"Trend",1.026,11244.04,11254.64,563,"E-11","Alloy 617","Plate",314626
564,"CapPass",123.08,-119.6,"Trend",1.029,11264.53,11274.65,564,"E-11","Alloy 617","Plate",314626
565,"CapPass",123.00,-119.3,"Trend",1.031,11284.42,11294.65,565,"E-11","Alloy 617","Plate",314626
566,"CapPass",122.92,-120.2,"Trend",1.022,11304.54,11314.66,566,"E-11","Alloy 617","Plate",314626
567,"CapPass",122.91,-119.5,"Trend",1.029,11324.63,11334.46,567,"E-11","Alloy 617","Plate",314626
568,"CapPass",122.39,-119.7,"Trend",1.023,11344.68,11354.67,568,"E-11","Alloy 617","Plate",314626
569,"CapPass",123.37,-120.6,"Trend",1.023,11364.66,11374.69,569,"E-11","Alloy 617","Plate",314626
570,"CapPass",123.20,-119.8,"Trend",1.029,11384.58,11394.70,570,"E-11","Alloy 617","Plate",314626
571,"CapPass",122.86,-119.6,"Trend",1.027,11404.35,11414.72,571,"E-11","Alloy 617","Plate",314626
572,"CapPass",122.11,-120.1,"Trend",1.017,11424.40,11434.72,572,"E-11","Alloy 617","Plate",314626
573,"CapPass",122.95,-121.3,"Trend",1.014,11444.71,11454.72,573,"E-11","Alloy 617","Plate",314626
574,"CapPass",123.10,-119.2,"Trend",1.033,11464.01,11474.50,574,"E-11","Alloy 617","Plate",314626
575,"CapPass",122.97,-118.8,"Trend",1.035,11484.74,11494.74,575,"E-11","Alloy 617","Plate",314626
576,"CapPass",122.83,-119.5,"Trend",1.028,11504.47,11514.75,576,"E-11","Alloy 617","Plate",314626
577,"CapPass",122.20,-119.3,"Trend",1.024,11524.59,11534.77,577,"E-11","Alloy 617","Plate",314626
578,"CapPass",123.23,-119.0,"Trend",1.035,11544.69,11554.76,578,"E-11","Alloy 617","Plate",314626
579,"CapPass",123.41,-118.5,"Trend",1.042,11564.77,11574.78,579,"E-11","Alloy 617","Plate",314626
580,"CapPass",121.64,-120.5,"Trend",1.010,11584.41,11594.78,580,"E-11","Alloy 617","Plate",314626
581,"CapPass",122.50,-119.4,"Trend",1.026,11604.79,11614.78,581,"E-11","Alloy 617","Plate",314626
582,"CapPass",122.83,-120.7,"Trend",1.018,11624.78,11634.80,582,"E-11","Alloy 617","Plate",314626
583,"CapPass",122.34,-119.3,"Trend",1.026,11644.59,11654.81,583,"E-11","Alloy 617","Plate",314626
584,"CapPass",121.34,-118.2,"Trend",1.027,11664.66,11674.83,584,"E-11","Alloy 617","Plate",314626
585,"CapPass",120.31,-119.9,"Trend",1.004,11683.92,11694.84,585,"E-11","Alloy 617","Plate",314626
586,"CapPass",121.63,-119.2,"Trend",1.020,11704.84,11714.83,586,"E-11","Alloy 617","Plate",314626
587,"CapPass",122.02,-118.8,"Trend",1.028,11724.84,11734.85,587,"E-11","Alloy 617","Plate",314626
588,"CapPass",122.34,-119.0,"Trend",1.028,11744.84,11754.86,588,"E-11","Alloy 617","Plate",314626
589,"CapPass",121.69,-118.8,"Trend",1.024,11764.87,11774.86,589,"E-11","Alloy 617","Plate",314626
590,"CapPass",122.38,-118.3,"Trend",1.034,11784.59,11794.88,590,"E-11","Alloy 617","Plate",314626
591,"CapPass",121.10,-119.6,"Trend",1.013,11804.87,11814.89,591,"E-11","Alloy 617","Plate",314626
592,"CapPass",121.28,-118.4,"Trend",1.024,11824.32,11834.87,592,"E-11","Alloy 617","Plate",314626
593,"CapPass",121.00,-118.3,"Trend",1.023,11844.89,11854.91,593,"E-11","Alloy 617","Plate",314626
594,"CapPass",121.38,-118.9,"Trend",1.021,11864.81,11874.92,594,"E-11","Alloy 617","Plate",314626
595,"CapPass",121.56,-117.9,"Trend",1.031,11884.90,11894.93,595,"E-11","Alloy 617","Plate",314626
596,"CapPass",121.03,-117.7,"Trend",1.028,11904.78,11914.92,596,"E-11","Alloy 617","Plate",314626
597,"CapPass",121.25,-117.9,"Trend",1.029,11924.94,11934.93,597,"E-11","Alloy 617","Plate",314626
598,"CapPass",121.32,-117.6,"Trend",1.032,11944.92,11954.94,598,"E-11","Alloy 617","Plate",314626
599,"CapPass",120.59,-118.7,"Trend",1.016,11964.64,11974.94,599,"E-11","Alloy 617","Plate",314626
600,"CapPass",121.32,-118.5,"Trend",1.023,11984.81,11994.98,600,"E-11","Alloy 617","Plate",314626
601,"CapPass",120.06,-118.4,"Trend",1.014,12004.23,12014.98,601,"E-11","Alloy 617","Plate",314626
602,"CapPass",120.83,-118.0,"Trend",1.024,12024.83,12034.98,602,"E-11","Alloy 617","Plate",314626
603,"CapPass",120.25,-116.8,"Trend",1.029,12044.93,12055.00,603,"E-11","Alloy 617","Plate",314626
604,"CapPass",119.83,-118.3,"Trend",1.013,12064.93,12075.00,604,"E-11","Alloy 617","Plate",314626
605,"CapPass",120.48,-118.2,"Trend",1.019,12084.25,12095.01,605,"E-11","Alloy 617","Plate",314626
606,"CapPass",119.58,-117.1,"Trend",1.021,12104.70,12115.01,606,"E-11","Alloy 617","Plate",314626
607,"CapPass",121.06,-116.5,"Trend",1.039,12124.81,12135.03,607,"E-11","Alloy 617","Plate",314626
608,"CapPass",120.28,-117.4,"Trend",1.024,12144.65,12155.04,608,"E-11","Alloy 617","Plate",314626
609,"CapPass",120.52,-116.9,"Trend",1.031,12164.96,12175.05,609,"E-11","Alloy 617","Plate",314626
610,"CapPass",119.74,-117.2,"Trend",1.021,12184.87,12195.06,610,"E-11","Alloy 617","Plate",314626
611,"CapPass",120.29,-117.6,"Trend",1.023,12204.99,12215.07,611,"E-11","Alloy 617","Plate",314626
612,"CapPass",120.12,-116.9,"Trend",1.028,12225.00,12235.07,612,"E-11","Alloy 617","Plate",314626
613,"CapPass",119.22,-118.1,"Trend",1.009,12245.07,12255.09,613,"E-11","Alloy 617","Plate",314626
614,"CapPass",120.09,-117.0,"Trend",1.026,12265.08,12275.09,614,"E-11","Alloy 617","Plate",314626
615,"CapPass",120.34,-116.5,"Trend",1.033,12285.09,12295.10,615,"E-11","Alloy 617","Plate",314626
616,"CapPass",119.29,-116.7,"Trend",1.022,12304.22,12315.10,616,"E-11","Alloy 617","Plate",314626
617,"CapPass",119.95,-117.2,"Trend",1.023,12325.04,12335.12,617,"E-11","Alloy 617","Plate",314626
618,"CapPass",118.85,-116.4,"Trend",1.021,12344.76,12355.13,618,"E-11","Alloy 617","Plate",314626
619,"CapPass",118.95,-117.5,"Trend",1.012,12365.09,12375.12,619,"E-11","Alloy 617","Plate",314626
620,"CapPass",118.97,-115.7,"Trend",1.028,12385.12,12395.14,620,"E-11","Alloy 617","Plate",314626
621,"CapPass",118.82,-117.4,"Trend",1.012,12404.66,12415.16,621,"E-11","Alloy 617","Plate",314626
622,"CapPass",117.94,-117.2,"Trend",1.007,12424.86,12435.16,622,"E-11","Alloy 617","Plate",314626
623,"CapPass",119.20,-115.6,"Trend",1.031,12445.15,12455.17,623,"E-11","Alloy 617","Plate",314626
624,"CapPass",118.91,-116.7,"Trend",1.019,12465.00,12475.17,624,"E-11","Alloy 617","Plate",314626
625,"CapPass",119.05,-115.8,"Trend",1.028,12484.97,12495.19,625,"E-11","Alloy 617","Plate",314626
626,"CapPass",118.21,-116.8,"Trend",1.012,12505.13,12515.19,626,"E-11","Alloy 617","Plate",314626
627,"CapPass",118.37,-116.6,"Trend",1.015,12525.19,12535.20,627,"E-11","Alloy 617","Plate",314626
628,"CapPass",119.63,-115.1,"Trend",1.039,12545.11,12555.22,628,"E-11","Alloy 617","Plate",314626
629,"CapPass",118.26,-116.3,"Trend",1.017,12565.06,12575.23,629,"E-11","Alloy 617","Plate",314626
630,"CapPass",118.69,-115.4,"Trend",1.028,12585.19,12595.23,630,"E-11","Alloy 617","Plate",314626
631,"CapPass",117.95,-114.7,"Trend",1.028,12605.12,12615.24,631,"E-11","Alloy 617","Plate",314626
632,"CapPass",118.14,-114.4,"Trend",1.033,12625.25,12635.24,632,"E-11","Alloy 617","Plate",314626
633,"CapPass",117.67,-114.4,"Trend",1.028,12645.13,12655.25,633,"E-11","Alloy 617","Plate",314626
634,"CapPass",118.01,-115.3,"Trend",1.023,12665.19,12675.27,634,"E-11","Alloy 617","Plate",314626
635,"CapPass",117.55,-115.2,"Trend",1.021,12685.27,12695.28,635,"E-11","Alloy 617","Plate",314626
636,"CapPass",117.32,-116.4,"Trend",1.008,12705.26,12715.30,636,"E-11","Alloy 617","Plate",314626
637,"CapPass",117.68,-116.3,"Trend",1.012,12725.28,12735.29,637,"E-11","Alloy 617","Plate",314626
638,"CapPass",117.56,-114.4,"Trend",1.028,12745.10,12755.29,638,"E-11","Alloy 617","Plate",314626
639,"CapPass",117.74,-115.7,"Trend",1.018,12765.20,12775.30,639,"E-11","Alloy 617","Plate",314626
640,"CapPass",116.65,-115.4,"Trend",1.011,12783.94,12795.32,640,"E-11","Alloy 617","Plate",314626
641,"CapPass",117.80,-114.5,"Trend",1.029,12804.88,12815.32,641,"E-11","Alloy 617","Plate",314626
642,"CapPass",117.37,-114.1,"Trend",1.029,12825.34,12835.33,642,"E-11","Alloy 617","Plate",314626
643,"CapPass",117.33,-114.7,"Trend",1.023,12844.96,12855.36,643,"E-11","Alloy 617","Plate",314626
644,"CapPass",116.98,-114.7,"Trend",1.020,12865.35,12875.36,644,"E-11","Alloy 617","Plate",314626
645,"CapPass",117.21,-114.3,"Trend",1.025,12885.36,12895.36,645,"E-11","Alloy 617","Plate",314626
646,"CapPass",116.42,-113.8,"Trend",1.023,12905.33,12915.37,646,"E-11","Alloy 617","Plate",314626
647,"CapPass",117.22,-114.5,"Trend",1.024,12925.37,12935.38,647,"E-11","Alloy 617","Plate",314626
648,"CapPass",116.52,-114.9,"Trend",1.014,12945.31,12955.39,648,"E-11","Alloy 617","Plate",314626
649,"CapPass",116.79,-114.2,"Trend",1.022,12965.00,12975.39,649,"E-11","Alloy 617","Plate",314626
650,"CapPass",115.36,-113.5,"Trend",1.016,12984.97,12995.41,650,"E-11","Alloy 617","Plate",314626
651,"CapPass",115.91,-113.9,"Trend",1.018,13005.40,13015.42,651,"E-11","Alloy 617","Plate",314626
652,"CapPass",116.40,-114.4,"Trend",1.017,13025.39,13035.44,652,"E-11","Alloy 617","Plate",314626
653,"CapPass",116.84,-114.4,"Trend",1.021,13045.41,13055.45,653,"E-11","Alloy 617","Plate",314626
654,"CapPass",115.74,-112.6,"Trend",1.027,13065.44,13075.44,654,"E-11","Alloy 617","Plate",314626
655,"CapPass",116.12,-114.2,"Trend",1.017,13085.46,13095.45,655,"E-11","Alloy 617","Plate",314626
656,"CapPass",115.86,-113.1,"Trend",1.025,13105.45,13115.47,656,"E-11","Alloy 617","Plate",314626
657,"CapPass",116.23,-114.1,"Trend",1.019,13125.14,13135.48,657,"E-11","Alloy 617","Plate",314626
658,"CapPass",115.10,-114.1,"Trend",1.009,13145.30,13155.48,658,"E-11","Alloy 617","Plate",314626
659,"CapPass",114.55,-113.6,"Trend",1.008,13165.06,13175.50,659,"E-11","Alloy 617","Plate",314626
660,"CapPass",115.00,-113.4,"Trend",1.014,13185.35,13195.50,660,"E-11","Alloy 617","Plate",314626
661,"CapPass",115.26,-113.9,"Trend",1.012,13205.26,13215.49,661,"E-11","Alloy 617","Plate",314626
662,"CapPass",115.16,-113.3,"Trend",1.016,13225.48,13235.52,662,"E-11","Alloy 617","Plate",314626
663,"CapPass",114.90,-113.2,"Trend",1.015,13245.51,13255.52,663,"E-11","Alloy 617","Plate",314626
664,"CapPass",115.04,-112.3,"Trend",1.024,13265.52,13275.52,664,"E-11","Alloy 617","Plate",314626
665,"CapPass",115.02,-113.1,"Trend",1.017,13285.13,13295.54,665,"E-11","Alloy 617","Plate",314626
666,"CapPass",114.92,-112.4,"Trend",1.022,13305.52,13315.55,666,"E-11","Alloy 617","Plate",314626
667,"CapPass",115.60,-113.8,"Trend",1.016,13325.22,13335.55,667,"E-11","Alloy 617","Plate",314626
668,"CapPass",115.85,-112.2,"Trend",1.033,13345.48,13355.57,668,"E-11","Alloy 617","Plate",314626
669,"CapPass",115.34,-112.0,"Trend",1.029,13365.57,13375.57,669,"E-11","Alloy 617","Plate",314626
670,"CapPass",114.24,-113.1,"Trend",1.010,13385.17,13395.60,670,"E-11","Alloy 617","Plate",314626
671,"CapPass",114.95,-112.8,"Trend",1.019,13405.42,13415.59,671,"E-11","Alloy 617","Plate",314626
672,"CapPass",114.49,-112.7,"Trend",1.016,13425.59,13435.61,672,"E-11","Alloy 617","Plate",314626
673,"CapPass",113.86,-111.6,"Trend",1.021,13445.46,13455.61,673,"E-11","Alloy 617","Plate",314626
674,"CapPass",114.30,-112.5,"Trend",1.016,13465.61,13475.62,674,"E-11","Alloy 617","Plate",314626
675,"CapPass",114.09,-112.2,"Trend",1.017,13485.62,13495.62,675,"E-11","Alloy 617","Plate",314626
676,"CapPass",113.60,-112.0,"Trend",1.014,13505.05,13515.64,676,"E-11","Alloy 617","Plate",314626
677,"CapPass",113.81,-112.2,"Trend",1.014,13525.61,13535.65,677,"E-11","Alloy 617","Plate",314626
678,"CapPass",113.61,-112.8,"Trend",1.008,13545.26,13555.66,678,"E-11","Alloy 617","Plate",314626
679,"CapPass",113.84,-111.9,"Trend",1.018,13565.41,13575.67,679,"E-11","Alloy 617","Plate",314626
680,"CapPass",114.15,-111.4,"Trend",1.025,13585.67,13595.68,680,"E-11","Alloy 617","Plate",314626
681,"CapPass",113.71,-111.9,"Trend",1.016,13605.68,13615.68,681,"E-11","Alloy 617","Plate",314626
682,"CapPass",112.89,-112.5,"Trend",1.004,13625.21,13635.68,682,"E-11","Alloy 617","Plate",314626
683,"CapPass",112.51,-110.7,"Trend",1.016,13644.81,13655.70,683,"E-11","Alloy 617","Plate",314626
684,"CapPass",113.67,-111.4,"Trend",1.020,13665.39,13675.71,684,"E-11","Alloy 617","Plate",314626
685,"CapPass",113.81,-110.7,"Trend",1.028,13685.62,13695.70,685,"E-11","Alloy 617","Plate",314626
686,"CapPass",113.37,-111.6,"Trend",1.016,13705.43,13715.72,686,"E-11","Alloy 617","Plate",314626
687,"CapPass",113.11,-110.9,"Trend",1.020,13725.72,13735.73,687,"E-11","Alloy 617","Plate",314626
688,"CapPass",113.00,-110.5,"Trend",1.022,13745.69,13755.75,688,"E-11","Alloy 617","Plate",314626
689,"CapPass",112.89,-110.3,"Trend",1.024,13765.75,13775.73,689,"E-11","Alloy 617","Plate",314626
690,"CapPass",112.94,-110.9,"Trend",1.018,13785.76,13795.76,690,"E-11","Alloy 617","Plate",314626
691,"CapPass",112.79,-110.3,"Trend",1.022,13805.55,13815.78,691,"E-11","Alloy 617","Plate",314626
692,"CapPass",112.42,-110.6,"Trend",1.016,13825.50,13835.77,692,"E-11","Alloy 617","Plate",314626
693,"CapPass",112.68,-111.0,"Trend",1.015,13845.76,13855.79,693,"E-11","Alloy 617","Plate",314626
694,"CapPass",112.72,-110.4,"Trend",1.021,13865.58,13875.78,694,"E-11","Alloy 617","Plate",314626
695,"CapPass",112.32,-111.2,"Trend",1.010,13885.65,13895.81,695,"E-11","Alloy 617","Plate",314626
696,"CapPass",111.79,-110.3,"Trend",1.013,13905.80,13915.81,696,"E-11","Alloy 617","Plate",314626
697,"CapPass",112.34,-110.5,"Trend",1.016,13925.72,13935.82,697,"E-11","Alloy 617","Plate",314626
698,"CapPass",111.53,-111.0,"Trend",1.005,13945.06,13955.83,698,"E-11","Alloy 617","Plate",314626
699,"CapPass",112.20,-109.6,"Trend",1.024,13965.83,13975.84,699,"E-11","Alloy 617","Plate",314626
700,"CapPass",111.71,-110.7,"Trend",1.009,13985.83,13995.85,700,"E-11","Alloy 617","Plate",314626
701,"CapPass",111.79,-111.2,"Trend",1.005,14005.85,14015.88,701,"E-11","Alloy 617","Plate",314626
702,"CapPass",111.58,-111.1,"Trend",1.005,14025.85,14035.87,702,"E-11","Alloy 617","Plate",314626
703,"CapPass",110.72,-109.6,"Trend",1.010,14045.02,14055.87,703,"E-11","Alloy 617","Plate",314626
704,"CapPass",111.17,-110.1,"Trend",1.010,14065.85,14075.89,704,"E-11","Alloy 617","Plate",314626
705,"CapPass",111.25,-110.6,"Trend",1.006,14085.85,14095.89,705,"E-11","Alloy 617","Plate",314626
706,"CapPass",110.90,-109.9,"Trend",1.009,14105.89,14115.91,706,"E-11","Alloy 617","Plate",314626
707,"CapPass",111.00,-108.9,"Trend",1.019,14125.89,14135.92,707,"E-11","Alloy 617","Plate",314626
708,"CapPass",110.52,-109.9,"Trend",1.006,14145.41,14155.93,708,"E-11","Alloy 617","Plate",314626
709,"CapPass",111.40,-109.2,"Trend",1.020,14165.86,14175.93,709,"E-11","Alloy 617","Plate",314626
710,"CapPass",110.47,-110.4,"Trend",1.001,14185.77,14195.94,710,"E-11","Alloy 617","Plate",314626
711,"CapPass",110.15,-109.0,"Trend",1.011,14205.94,14215.95,711,"E-11","Alloy 617","Plate",314626
712,"CapPass",110.66,-110.2,"Trend",1.005,14225.68,14235.97,712,"E-11","Alloy 617","Plate",314626
713,"CapPass",110.59,-109.2,"Trend",1.013,14245.95,14255.97,713,"E-11","Alloy 617","Plate",314626
714,"CapPass",111.45,-109.3,"Trend",1.020,14265.96,14275.98,714,"E-11","Alloy 617","Plate",314626
715,"CapPass",110.18,-109.1,"Trend",1.010,14285.96,14295.98,715,"E-11","Alloy 617","Plate",314626
716,"CapPass",110.74,-108.3,"Trend",1.023,14305.96,14315.99,716,"E-11","Alloy 617","Plate",314626
717,"CapPass",109.79,-108.1,"Trend",1.016,14325.93,14336.00,717,"E-11","Alloy 617","Plate",314626
718,"CapPass",110.09,-108.3,"Trend",1.017,14345.98,14356.02,718,"E-11","Alloy 617","Plate",314626
719,"CapPass",109.34,-108.8,"Trend",1.005,14364.99,14376.01,719,"E-11","Alloy 617","Plate",314626
720,"CapPass",110.37,-108.9,"Trend",1.014,14385.72,14396.04,720,"E-11","Alloy 617","Plate",314626
721,"CapPass",109.81,-108.8,"Trend",1.009,14406.02,14416.04,721,"E-11","Alloy 617","Plate",314626
722,"CapPass",109.64,-108.4,"Trend",1.011,14426.03,14436.05,722,"E-11","Alloy 617","Plate",314626
723,"CapPass",110.08,-108.7,"Trend",1.013,14446.02,14456.05,723,"E-11","Alloy 617","Plate",314626
724,"CapPass",109.35,-107.5,"Trend",1.017,14465.65,14476.07,724,"E-11","Alloy 617","Plate",314626
725,"CapPass",109.36,-107.9,"Trend",1.013,14485.67,14496.07,725,"E-11","Alloy 617","Plate",314626
726,"CapPass",109.15,-107.8,"Trend",1.012,14506.04,14516.08,726,"E-11","Alloy 617","Plate",314626
727,"CapPass",108.82,-107.3,"Trend",1.014,14525.73,14536.09,727,"E-11","Alloy 617","Plate",314626
728,"CapPass",108.59,-106.8,"Trend",1.017,14546.07,14556.11,728,"E-11","Alloy 617","Plate",314626
729,"CapPass",108.54,-108.2,"Trend",1.003,14566.09,14576.11,729,"E-11","Alloy 617","Plate",314626
730,"CapPass",108.93,-107.8,"Trend",1.011,14586.10,14596.12,730,"E-11","Alloy 617","Plate",314626
731,"CapPass",108.52,-107.9,"Trend",1.006,14605.92,14616.13,731,"E-11","Alloy 617","Plate",314626
732,"CapPass",108.91,-107.6,"Trend",1.012,14626.12,14636.14,732,"E-11","Alloy 617","Plate",314626
733,"CapPass",107.96,-108.3,"Trend",0.997,14646.10,14656.14,733,"E-11","Alloy 617","Plate",314626
734,"CapPass",107.52,-107.6,"Trend",0.999,14665.83,14676.16,734,"E-11","Alloy 617","Plate",314626
735,"CapPass",107.37,-106.2,"Trend",1.011,14686.15,14696.16,735,"E-11","Alloy 617","Plate",314626
736,"CapPass",107.71,-106.8,"Trend",1.008,14706.13,14716.17,736,"E-11","Alloy 617","Plate",314626
737,"CapPass",107.83,-108.3,"Trend",0.995,14726.17,14736.18,737,"E-11","Alloy 617","Plate",314626
738,"CapPass",108.08,-107.0,"Trend",1.010,14746.16,14756.20,738,"E-11","Alloy 617","Plate",314626
739,"CapPass",106.99,-107.3,"Trend",0.997,14766.03,14776.20,739,"E-11","Alloy 617","Plate",314626
740,"CapPass",108.16,-107.8,"Trend",1.003,14786.19,14796.20,740,"E-11","Alloy 617","Plate",314626
741,"CapPass",107.73,-107.2,"Trend",1.005,14805.96,14816.22,741,"E-11","Alloy 617","Plate",314626
742,"CapPass",106.86,-106.3,"Trend",1.005,14825.73,14836.23,742,"E-11","Alloy 617","Plate",314626
743,"CapPass",107.49,-106.6,"Trend",1.008,14846.01,14856.23,743,"E-11","Alloy 617","Plate",314626
744,"CapPass",107.01,-107.0,"Trend",1.000,14866.14,14876.24,744,"E-11","Alloy 617","Plate",314626
745,"CapPass",107.28,-106.7,"Trend",1.006,14886.14,14896.26,745,"E-11","Alloy 617","Plate",314626
746,"CapPass",107.51,-107.4,"Trend",1.001,14906.24,14916.27,746,"E-11","Alloy 617","Plate",314626
747,"CapPass",107.12,-106.2,"Trend",1.009,14926.25,14936.27,747,"E-11","Alloy 617","Plate",314626
748,"CapPass",106.53,-105.8,"Trend",1.007,14946.02,14956.26,748,"E-11","Alloy 617","Plate",314626
749,"CapPass",107.02,-107.2,"Trend",0.998,14966.10,14976.29,749,"E-11","Alloy 617","Plate",314626
750,"CapPass",106.53,-106.8,"Trend",0.998,14986.28,14996.30,750,"E-11","Alloy 617","Plate",314626
751,"CapPass",106.51,-106.4,"Trend",1.001,15006.01,15016.31,751,"E-11","Alloy 617","Plate",314626
752,"CapPass",105.86,-105.7,"Trend",1.002,15026.30,15036.31,752,"E-11","Alloy 617","Plate",314626
753,"CapPass",106.14,-105.2,"Trend",1.009,15046.01,15056.32,753,"E-11","Alloy 617","Plate",314626
754,"CapPass",105.36,-105.3,"Trend",1.000,15066.20,15076.33,754,"E-11","Alloy 617","Plate",314626
755,"CapPass",105.44,-105.3,"Trend",1.001,15086.33,15096.34,755,"E-11","Alloy 617","Plate",314626
756,"CapPass",105.64,-106.0,"Trend",0.997,15106.33,15116.35,756,"E-11","Alloy 617","Plate",314626
757,"CapPass",105.41,-105.1,"Trend",1.003,15126.35,15136.36,757,"E-11","Alloy 617","Plate",314626
758,"CapPass",104.95,-105.3,"Trend",0.997,15146.32,15156.37,758,"E-11","Alloy 617","Plate",314626
759,"CapPass",105.29,-105.2,"Trend",1.001,15166.34,15176.38,759,"E-11","Alloy 617","Plate",314626
760,"CapPass",105.32,-105.4,"Trend",0.999,15186.36,15196.39,760,"E-11","Alloy 617","Plate",314626
761,"CapPass",104.85,-105.1,"Trend",0.998,15206.37,15216.40,761,"E-11","Alloy 617","Plate",314626
762,"CapPass",104.56,-104.6,"Trend",1.000,15226.40,15236.40,762,"E-11","Alloy 617","Plate",314626
763,"CapPass",104.94,-105.4,"Trend",0.996,15246.39,15256.40,763,"E-11","Alloy 617","Plate",314626
764,"CapPass",104.43,-105.0,"Trend",0.995,15266.41,15276.42,764,"E-11","Alloy 617","Plate",314626
765,"CapPass",104.43,-105.6,"Trend",0.989,15286.41,15296.43,765,"E-11","Alloy 617","Plate",314626
766,"CapPass",104.76,-105.4,"Trend",0.994,15306.41,15316.44,766,"E-11","Alloy 617","Plate",314626
767,"CapPass",104.38,-103.8,"Trend",1.006,15326.32,15336.44,767,"E-11","Alloy 617","Plate",314626
768,"CapPass",103.68,-106.0,"Trend",0.978,15346.43,15356.46,768,"E-11","Alloy 617","Plate",314626
769,"CapPass",103.75,-103.4,"Trend",1.003,15366.44,15376.46,769,"E-11","Alloy 617","Plate",314626
770,"CapPass",103.77,-104.7,"Trend",0.991,15386.46,15396.48,770,"E-11","Alloy 617","Plate",314626
771,"CapPass",103.83,-104.1,"Trend",0.997,15406.42,15416.48,771,"E-11","Alloy 617","Plate",314626
772,"CapPass",103.53,-105.6,"Trend",0.980,15426.47,15436.50,772,"E-11","Alloy 617","Plate",314626
773,"CapPass",103.42,-103.9,"Trend",0.995,15446.25,15456.51,773,"E-11","Alloy 617","Plate",314626
774,"CapPass",103.34,-103.4,"Trend",0.999,15466.48,15476.51,774,"E-11","Alloy 617","Plate",314626
775,"CapPass",102.71,-104.7,"Trend",0.981,15486.26,15496.52,775,"E-11","Alloy 617","Plate",314626
776,"CapPass",103.01,-104.6,"Trend",0.985,15506.49,15516.52,776,"E-11","Alloy 617","Plate",314626
777,"CapPass",103.76,-103.7,"Trend",1.001,15526.50,15536.54,777,"E-11","Alloy 617","Plate",314626
778,"CapPass",102.81,-103.2,"Trend",0.996,15546.39,15556.55,778,"E-11","Alloy 617","Plate",314626
779,"CapPass",102.66,-103.1,"Trend",0.996,15566.34,15576.55,779,"E-11","Alloy 617","Plate",314626
780,"CapPass",102.99,-103.4,"Trend",0.996,15586.34,15596.56,780,"E-11","Alloy 617","Plate",314626
781,"CapPass",102.53,-103.8,"Trend",0.988,15606.38,15616.58,781,"E-11","Alloy 617","Plate",314626
782,"CapPass",102.57,-103.1,"Trend",0.995,15626.56,15636.59,782,"E-11","Alloy 617","Plate",314626
783,"CapPass",102.39,-103.6,"Trend",0.988,15646.55,15656.58,783,"E-11","Alloy 617","Plate",314626
784,"CapPass",103.03,-102.8,"Trend",1.002,15666.59,15676.59,784,"E-11","Alloy 617","Plate",314626
785,"CapPass",101.78,-102.6,"Trend",0.992,15686.58,15696.61,785,"E-11","Alloy 617","Plate",314626
786,"CapPass",101.28,-103.7,"Trend",0.976,15706.60,15716.61,786,"E-11","Alloy 617","Plate",314626
787,"CapPass",102.50,-102.3,"Trend",1.001,15726.61,15736.63,787,"E-11","Alloy 617","Plate",314626
788,"CapPass",101.18,-103.1,"Trend",0.981,15746.62,15756.63,788,"E-11","Alloy 617","Plate",314626
789,"CapPass",100.93,-103.5,"Trend",0.975,15766.60,15776.64,789,"E-11","Alloy 617","Plate",314626
790,"CapPass",101.62,-102.8,"Trend",0.988,15786.63,15796.65,790,"E-11","Alloy 617","Plate",314626
791,"CapPass",101.91,-102.5,"Trend",0.995,15806.64,15816.65,791,"E-11","Alloy 617","Plate",314626
792,"CapPass",101.54,-105.4,"Trend",0.963,15826.65,15836.68,792,"E-11","Alloy 617","Plate",314626
793,"CapPass",100.64,-103.7,"Trend",0.970,15846.65,15856.68,793,"E-11","Alloy 617","Plate",314626
794,"CapPass",101.22,-103.2,"Trend",0.981,15866.67,15876.69,794,"E-11","Alloy 617","Plate",314626
795,"CapPass",99.68,-102.1,"Trend",0.976,15886.68,15896.71,795,"E-11","Alloy 617","Plate",314626
796,"CapPass",100.70,-102.3,"Trend",0.985,15906.69,15916.71,796,"E-11","Alloy 617","Plate",314626
797,"CapPass",100.21,-102.0,"Trend",0.982,15926.66,15936.72,797,"E-11","Alloy 617","Plate",314626
798,"CapPass",100.87,-102.1,"Trend",0.988,15946.67,15956.73,798,"E-11","Alloy 617","Plate",314626
799,"CapPass",100.38,-101.7,"Trend",0.987,15966.62,15976.74,799,"E-11","Alloy 617","Plate",314626
800,"CapPass",99.64,-102.2,"Trend",0.974,15986.71,15996.75,800,"E-11","Alloy 617","Plate",314626
801,"CapPass",99.24,-101.8,"Trend",0.975,16006.72,16016.75,801,"E-11","Alloy 617","Plate",314626
802,"CapPass",99.30,-101.6,"Trend",0.977,16026.74,16036.76,802,"E-11","Alloy 617","Plate",314626
803,"CapPass",100.06,-101.9,"Trend",0.982,16046.67,16056.76,803,"E-11","Alloy 617","Plate",314626
804,"CapPass",99.68,-102.8,"Trend",0.970,16066.76,16076.78,804,"E-11","Alloy 617","Plate",314626
805,"CapPass",98.34,-102.4,"Trend",0.960,16086.34,16096.78,805,"E-11","Alloy 617","Plate",314626
806,"CapPass",98.67,-103.1,"Trend",0.957,16106.73,16116.80,806,"E-11","Alloy 617","Plate",314626
807,"CapPass",98.58,-101.4,"Trend",0.972,16126.78,16136.81,807,"E-11","Alloy 617","Plate",314626
808,"CapPass",98.84,-100.6,"Trend",0.982,16146.79,16156.81,808,"E-11","Alloy 617","Plate",314626
809,"CapPass",99.19,-101.6,"Trend",0.976,16166.70,16176.82,809,"E-11","Alloy 617","Plate",314626
810,"CapPass",97.47,-103.9,"Trend",0.938,16186.32,16196.84,810,"E-11","Alloy 617","Plate",314626
811,"CapPass",98.22,-101.1,"Trend",0.972,16206.82,16216.85,811,"E-11","Alloy 617","Plate",314626
812,"CapPass",98.00,-102.9,"Trend",0.953,16226.83,16236.85,812,"E-11","Alloy 617","Plate",314626
813,"CapPass",98.70,-100.1,"Trend",0.986,16246.79,16256.86,813,"E-11","Alloy 617","Plate",314626
814,"CapPass",97.40,-102.6,"Trend",0.949,16266.83,16276.87,814,"E-11","Alloy 617","Plate",314626
815,"CapPass",98.16,-102.4,"Trend",0.958,16286.84,16296.88,815,"E-11","Alloy 617","Plate",314626
816,"CapPass",97.32,-102.4,"Trend",0.951,16306.85,16316.89,816,"E-11","Alloy 617","Plate",314626
817,"CapPass",97.37,-100.3,"Trend",0.970,16326.62,16336.90,817,"E-11","Alloy 617","Plate",314626
818,"CapPass",97.64,-98.75,"Trend",0.989,16346.87,16356.91,818,"E-11","Alloy 617","Plate",314626
819,"CapPass",97.55,-101.2,"Trend",0.964,16366.87,16376.92,819,"E-11","Alloy 617","Plate",314626
820,"CapPass",96.52,-99.66,"Trend",0.969,16386.90,16396.93,820,"E-11","Alloy 617","Plate",314626
821,"CapPass",96.63,-100.2,"Trend",0.964,16406.87,16416.93,821,"E-11","Alloy 617","Plate",314626
822,"CapPass",96.34,-99.14,"Trend",0.972,16426.91,16436.94,822,"E-11","Alloy 617","Plate",314626
823,"CapPass",97.11,-98.78,"Trend",0.983,16446.82,16456.95,823,"E-11","Alloy 617","Plate",314626
824,"CapPass",96.98,-99.43,"Trend",0.975,16466.93,16476.96,824,"E-11","Alloy 617","Plate",314626
825,"CapPass",96.34,-100.1,"Trend",0.962,16486.87,16496.97,825,"E-11","Alloy 617","Plate",314626
826,"CapPass",95.96,-100.4,"Trend",0.956,16506.95,16516.97,826,"E-11","Alloy 617","Plate",314626
827,"CapPass",95.59,-101.8,"Trend",0.939,16526.95,16536.98,827,"E-11","Alloy 617","Plate",314626
828,"CapPass",96.53,-98.09,"Trend",0.984,16546.97,16556.99,828,"E-11","Alloy 617","Plate",314626
829,"CapPass",96.60,-99.96,"Trend",0.966,16566.97,16577.01,829,"E-11","Alloy 617","Plate",314626
830,"CapPass",95.59,-100.8,"Trend",0.948,16586.98,16597.02,830,"E-11","Alloy 617","Plate",314626
831,"CapPass",94.52,-100.6,"Trend",0.939,16606.89,16617.02,831,"E-11","Alloy 617","Plate",314626
832,"CapPass",95.27,-98.00,"Trend",0.972,16626.98,16637.02,832,"E-11","Alloy 617","Plate",314626
833,"CapPass",95.67,-98.97,"Trend",0.967,16647.01,16657.04,833,"E-11","Alloy 617","Plate",314626
834,"CapPass",95.15,-100.4,"Trend",0.947,16667.02,16677.03,834,"E-11","Alloy 617","Plate",314626
835,"CapPass",95.77,-101.2,"Trend",0.946,16686.88,16697.06,835,"E-11","Alloy 617","Plate",314626
836,"CapPass",95.75,-99.52,"Trend",0.962,16707.02,16717.06,836,"E-11","Alloy 617","Plate",314626
837,"CapPass",94.13,-102.4,"Trend",0.919,16727.06,16737.09,837,"E-11","Alloy 617","Plate",314626
838,"CapPass",94.50,-98.84,"Trend",0.956,16747.04,16757.08,838,"E-11","Alloy 617","Plate",314626
839,"CapPass",94.67,-98.29,"Trend",0.963,16767.06,16777.09,839,"E-11","Alloy 617","Plate",314626
840,"CapPass",94.67,-99.06,"Trend",0.956,16787.06,16797.11,840,"E-11","Alloy 617","Plate",314626
841,"CapPass",93.92,-98.99,"Trend",0.949,16807.06,16817.11,841,"E-11","Alloy 617","Plate",314626
842,"CapPass",94.22,-98.12,"Trend",0.960,16827.08,16837.12,842,"E-11","Alloy 617","Plate",314626
843,"CapPass",94.24,-97.83,"Trend",0.963,16847.09,16857.13,843,"E-11","Alloy 617","Plate",314626
844,"CapPass",93.15,-99.15,"Trend",0.940,16867.11,16877.13,844,"E-11","Alloy 617","Plate",314626
845,"CapPass",93.75,-99.15,"Trend",0.945,16887.13,16897.15,845,"E-11","Alloy 617","Plate",314626
846,"CapPass",93.44,-98.99,"Trend",0.944,16907.13,16917.16,846,"E-11","Alloy 617","Plate",314626
847,"CapPass",92.79,-97.48,"Trend",0.952,16926.94,16937.17,847,"E-11","Alloy 617","Plate",314626
848,"CapPass",93.48,-100.1,"Trend",0.934,16947.10,16957.16,848,"E-11","Alloy 617","Plate",314626
849,"CapPass",93.04,-97.04,"Trend",0.959,16967.08,16977.18,849,"E-11","Alloy 617","Plate",314626
850,"CapPass",92.96,-97.89,"Trend",0.950,16987.16,16997.19,850,"E-11","Alloy 617","Plate",314626
851,"CapPass",93.12,-98.62,"Trend",0.944,17007.17,17017.20,851,"E-11","Alloy 617","Plate",314626
852,"CapPass",92.18,-98.65,"Trend",0.934,17027.15,17037.20,852,"E-11","Alloy 617","Plate",314626
853,"CapPass",92.51,-98.80,"Trend",0.936,17047.18,17057.22,853,"E-11","Alloy 617","Plate",314626
854,"CapPass",91.55,-100.3,"Trend",0.913,17067.17,17077.22,854,"E-11","Alloy 617","Plate",314626
855,"CapPass",92.42,-97.22,"Trend",0.951,17087.20,17097.24,855,"E-11","Alloy 617","Plate",314626
856,"CapPass",92.16,-95.91,"Trend",0.961,17107.21,17117.24,856,"E-11","Alloy 617","Plate",314626
857,"CapPass",91.62,-97.27,"Trend",0.942,17127.22,17137.26,857,"E-11","Alloy 617","Plate",314626
858,"CapPass",91.50,-97.96,"Trend",0.934,17147.19,17157.26,858,"E-11","Alloy 617","Plate",314626
859,"CapPass",91.46,-98.62,"Trend",0.927,17167.22,17177.27,859,"E-11","Alloy 617","Plate",314626
860,"CapPass",90.61,-98.25,"Trend",0.922,17187.26,17197.27,860,"E-11","Alloy 617","Plate",314626
861,"CapPass",91.32,-96.57,"Trend",0.946,17207.27,17217.29,861,"E-11","Alloy 617","Plate",314626
862,"CapPass",90.79,-97.91,"Trend",0.927,17227.27,17237.29,862,"E-11","Alloy 617","Plate",314626
863,"CapPass",90.60,-96.34,"Trend",0.940,17247.28,17257.30,863,"E-11","Alloy 617","Plate",314626
864,"CapPass",90.58,-97.35,"Trend",0.931,17267.25,17277.31,864,"E-11","Alloy 617","Plate",314626
865,"CapPass",90.36,-98.49,"Trend",0.917,17287.29,17297.32,865,"E-11","Alloy 617","Plate",314626
866,"CapPass",90.36,-98.03,"Trend",0.922,17307.30,17317.33,866,"E-11","Alloy 617","Plate",314626
867,"CapPass",90.25,-97.76,"Trend",0.923,17327.32,17337.34,867,"E-11","Alloy 617","Plate",314626
868,"CapPass",89.44,-97.32,"Trend",0.919,17347.31,17357.36,868,"E-11","Alloy 617","Plate",314626
869,"CapPass",90.26,-95.58,"Trend",0.944,17367.33,17377.36,869,"E-11","Alloy 617","Plate",314626
870,"CapPass",89.13,-98.12,"Trend",0.908,17387.13,17397.37,870,"E-11","Alloy 617","Plate",314626
871,"CapPass",89.34,-98.46,"Trend",0.907,17407.24,17417.38,871,"E-11","Alloy 617","Plate",314626
872,"CapPass",89.20,-96.02,"Trend",0.929,17427.33,17437.39,872,"E-11","Alloy 617","Plate",314626
873,"CapPass",89.32,-95.98,"Trend",0.931,17447.36,17457.40,873,"E-11","Alloy 617","Plate",314626
874,"CapPass",88.67,-97.33,"Trend",0.911,17467.31,17477.40,874,"E-11","Alloy 617","Plate",314626
875,"CapPass",88.70,-96.44,"Trend",0.920,17487.39,17497.42,875,"E-11","Alloy 617","Plate",314626
876,"CapPass",88.39,-93.70,"Trend",0.943,17507.40,17517.42,876,"E-11","Alloy 617","Plate",314626
877,"CapPass",88.47,-94.58,"Trend",0.935,17527.40,17537.43,877,"E-11","Alloy 617","Plate",314626
878,"CapPass",87.74,-95.94,"Trend",0.914,17547.41,17557.44,878,"E-11","Alloy 617","Plate",314626
879,"CapPass",87.53,-96.87,"Trend",0.904,17567.37,17577.45,879,"E-11","Alloy 617","Plate",314626
880,"CapPass",87.66,-96.32,"Trend",0.910,17587.41,17597.47,880,"E-11","Alloy 617","Plate",314626
881,"CapPass",87.84,-95.51,"Trend",0.920,17607.43,17617.46,881,"E-11","Alloy 617","Plate",314626
882,"CapPass",88.30,-94.31,"Trend",0.936,17627.39,17637.48,882,"E-11","Alloy 617","Plate",314626
883,"CapPass",87.69,-98.02,"Trend",0.895,17647.44,17657.48,883,"E-11","Alloy 617","Plate",314626
884,"CapPass",87.12,-93.66,"Trend",0.930,17667.46,17677.50,884,"E-11","Alloy 617","Plate",314626
885,"CapPass",87.50,-94.27,"Trend",0.928,17687.48,17697.51,885,"E-11","Alloy 617","Plate",314626
886,"CapPass",86.31,-97.59,"Trend",0.884,17707.48,17717.51,886,"E-11","Alloy 617","Plate",314626
887,"CapPass",87.01,-92.75,"Trend",0.938,17727.48,17737.52,887,"E-11","Alloy 617","Plate",314626
888,"CapPass",87.14,-95.40,"Trend",0.913,17747.50,17757.53,888,"E-11","Alloy 617","Plate",314626
889,"CapPass",86.12,-94.30,"Trend",0.913,17767.29,17777.54,889,"E-11","Alloy 617","Plate",314626
890,"CapPass",86.31,-95.29,"Trend",0.906,17787.51,17797.56,890,"E-11","Alloy 617","Plate",314626
891,"CapPass",85.04,-94.98,"Trend",0.895,17807.34,17817.56,891,"E-11","Alloy 617","Plate",314626
892,"CapPass",86.59,-94.59,"Trend",0.916,17827.51,17837.58,892,"E-11","Alloy 617","Plate",314626
893,"CapPass",85.25,-96.92,"Trend",0.880,17847.40,17857.58,893,"E-11","Alloy 617","Plate",314626
894,"CapPass",85.54,-94.26,"Trend",0.907,17867.55,17877.58,894,"E-11","Alloy 617","Plate",314626
895,"CapPass",85.84,-96.14,"Trend",0.893,17887.55,17897.59,895,"E-11","Alloy 617","Plate",314626
896,"CapPass",85.71,-97.24,"Trend",0.881,17907.56,17917.61,896,"E-11","Alloy 617","Plate",314626
897,"CapPass",85.22,-94.85,"Trend",0.899,17927.57,17937.61,897,"E-11","Alloy 617","Plate",314626
898,"CapPass",85.33,-95.24,"Trend",0.896,17947.57,17957.62,898,"E-11","Alloy 617","Plate",314626
899,"CapPass",84.16,-95.07,"Trend",0.885,17967.60,17977.63,899,"E-11","Alloy 617","Plate",314626
900,"CapPass",84.15,-94.80,"Trend",0.888,17987.60,17997.65,900,"E-11","Alloy 617","Plate",314626
901,"CapPass",84.45,-97.56,"Trend",0.866,18007.59,18017.65,901,"E-11","Alloy 617","Plate",314626
902,"CapPass",84.57,-93.27,"Trend",0.907,18027.62,18037.66,902,"E-11","Alloy 617","Plate",314626
903,"CapPass",83.71,-95.38,"Trend",0.878,18047.63,18057.67,903,"E-11","Alloy 617","Plate",314626
904,"CapPass",84.28,-92.01,"Trend",0.916,18067.65,18077.67,904,"E-11","Alloy 617","Plate",314626
905,"CapPass",83.89,-91.63,"Trend",0.916,18087.64,18097.68,905,"E-11","Alloy 617","Plate",314626
906,"CapPass",83.18,-94.35,"Trend",0.882,18107.65,18117.69,906,"E-11","Alloy 617","Plate",314626
907,"CapPass",82.74,-96.62,"Trend",0.856,18127.67,18137.70,907,"E-11","Alloy 617","Plate",314626
908,"CapPass",83.18,-94.03,"Trend",0.885,18147.67,18157.71,908,"E-11","Alloy 617","Plate",314626
909,"CapPass",83.34,-95.91,"Trend",0.869,18167.61,18177.72,909,"E-11","Alloy 617","Plate",314626
910,"CapPass",83.36,-93.44,"Trend",0.892,18187.68,18197.72,910,"E-11","Alloy 617","Plate",314626
911,"CapPass",81.78,-93.96,"Trend",0.870,18207.70,18217.73,911,"E-11","Alloy 617","Plate",314626
912,"CapPass",83.03,-92.48,"Trend",0.898,18227.71,18237.74,912,"E-11","Alloy 617","Plate",314626
913,"CapPass",82.02,-93.92,"Trend",0.873,18247.71,18257.76,913,"E-11","Alloy 617","Plate",314626
914,"CapPass",81.76,-94.79,"Trend",0.863,18267.67,18277.77,914,"E-11","Alloy 617","Plate",314626
915,"CapPass",80.67,-97.44,"Trend",0.828,18287.73,18297.77,915,"E-11","Alloy 617","Plate",314626
916,"CapPass",81.78,-95.27,"Trend",0.858,18307.65,18317.78,916,"E-11","Alloy 617","Plate",314626
917,"CapPass",81.79,-90.41,"Trend",0.905,18327.76,18337.79,917,"E-11","Alloy 617","Plate",314626
918,"CapPass",81.57,-92.47,"Trend",0.882,18347.77,18357.80,918,"E-11","Alloy 617","Plate",314626
919,"CapPass",81.61,-92.44,"Trend",0.883,18367.77,18377.81,919,"E-11","Alloy 617","Plate",314626
920,"CapPass",81.06,-90.60,"Trend",0.895,18387.78,18397.82,920,"E-11","Alloy 617","Plate",314626
921,"CapPass",81.38,-92.24,"Trend",0.882,18407.78,18417.83,921,"E-11","Alloy 617","Plate",314626
922,"CapPass",81.11,-92.51,"Trend",0.877,18427.80,18437.84,922,"E-11","Alloy 617","Plate",314626
923,"CapPass",80.86,-95.31,"Trend",0.848,18447.81,18457.84,923,"E-11","Alloy 617","Plate",314626
924,"CapPass",79.98,-95.05,"Trend",0.841,18467.81,18477.86,924,"E-11","Alloy 617","Plate",314626
925,"CapPass",80.33,-91.11,"Trend",0.882,18487.71,18497.86,925,"E-11","Alloy 617","Plate",314626
926,"CapPass",80.38,-91.49,"Trend",0.879,18507.84,18517.87,926,"E-11","Alloy 617","Plate",314626
927,"CapPass",79.66,-91.15,"Trend",0.874,18527.72,18537.88,927,"E-11","Alloy 617","Plate",314626
928,"CapPass",79.41,-96.07,"Trend",0.827,18547.83,18557.89,928,"E-11","Alloy 617","Plate",314626
929,"CapPass",79.20,-91.52,"Trend",0.865,18567.83,18577.90,929,"E-11","Alloy 617","Plate",314626
930,"CapPass",79.32,-92.38,"Trend",0.859,18587.86,18597.90,930,"E-11","Alloy 617","Plate",314626
931,"CapPass",79.42,-92.07,"Trend",0.863,18607.87,18617.91,931,"E-11","Alloy 617","Plate",314626
932,"CapPass",79.44,-92.66,"Trend",0.857,18627.89,18637.92,932,"E-11","Alloy 617","Plate",314626
933,"CapPass",79.12,-91.00,"Trend",0.869,18647.90,18657.93,933,"E-11","Alloy 617","Plate",314626
934,"CapPass",78.73,-91.23,"Trend",0.863,18667.90,18677.94,934,"E-11","Alloy 617","Plate",314626
935,"CapPass",77.90,-92.16,"Trend",0.845,18687.91,18697.96,935,"E-11","Alloy 617","Plate",314626
936,"CapPass",78.56,-91.30,"Trend",0.860,18707.93,18717.96,936,"E-11","Alloy 617","Plate",314626
937,"CapPass",77.63,-92.03,"Trend",0.843,18727.78,18737.97,937,"E-11","Alloy 617","Plate",314626
938,"CapPass",77.58,-92.90,"Trend",0.835,18747.87,18757.99,938,"E-11","Alloy 617","Plate",314626
939,"CapPass",78.02,-92.28,"Trend",0.845,18767.93,18777.99,939,"E-11","Alloy 617","Plate",314626
940,"CapPass",77.67,-93.25,"Trend",0.833,18787.95,18798.01,940,"E-11","Alloy 617","Plate",314626
941,"CapPass",77.37,-92.07,"Trend",0.840,18807.93,18818.01,941,"E-11","Alloy 617","Plate",314626
942,"CapPass",77.17,-89.57,"Trend",0.861,18827.96,18838.02,942,"E-11","Alloy 617","Plate",314626
943,"CapPass",76.93,-93.06,"Trend",0.827,18847.97,18858.02,943,"E-11","Alloy 617","Plate",314626
944,"CapPass",76.83,-93.28,"Trend",0.824,18867.98,18878.03,944,"E-11","Alloy 617","Plate",314626
945,"CapPass",76.44,-91.13,"Trend",0.839,18888.00,18898.04,945,"E-11","Alloy 617","Plate",314626
946,"CapPass",76.67,-92.01,"Trend",0.833,18908.01,18918.06,946,"E-11","Alloy 617","Plate",314626
947,"CapPass",76.46,-89.67,"Trend",0.853,18928.02,18938.06,947,"E-11","Alloy 617","Plate",314626
948,"CapPass",76.18,-90.73,"Trend",0.840,18948.03,18958.07,948,"E-11","Alloy 617","Plate",314626
949,"CapPass",75.72,-88.96,"Trend",0.851,18968.03,18978.07,949,"E-11","Alloy 617","Plate",314626
950,"CapPass",75.73,-88.33,"Trend",0.857,18988.02,18998.09,950,"E-11","Alloy 617","Plate",314626
951,"CapPass",75.00,-89.83,"Trend",0.835,19008.05,19018.10,951,"E-11","Alloy 617","Plate",314626
952,"CapPass",75.05,-89.65,"Trend",0.837,19028.05,19038.10,952,"E-11","Alloy 617","Plate",314626
953,"CapPass",75.54,-91.07,"Trend",0.829,19048.05,19058.12,953,"E-11","Alloy 617","Plate",314626
954,"CapPass",74.15,-93.54,"Trend",0.793,19068.06,19078.12,954,"E-11","Alloy 617","Plate",314626
955,"CapPass",75.13,-92.20,"Trend",0.815,19088.05,19098.13,955,"E-11","Alloy 617","Plate",314626
956,"CapPass",74.98,-88.47,"Trend",0.848,19108.09,19118.13,956,"E-11","Alloy 617","Plate",314626
957,"CapPass",74.60,-88.98,"Trend",0.838,19128.10,19138.15,957,"E-11","Alloy 617","Plate",314626
958,"CapPass",74.43,-90.52,"Trend",0.822,19148.13,19158.15,958,"E-11","Alloy 617","Plate",314626
959,"CapPass",73.58,-91.53,"Trend",0.804,19168.11,19178.17,959,"E-11","Alloy 617","Plate",314626
960,"CapPass",73.85,-89.42,"Trend",0.826,19188.13,19198.18,960,"E-11","Alloy 617","Plate",314626
961,"CapPass",73.58,-89.65,"Trend",0.821,19208.15,19218.18,961,"E-11","Alloy 617","Plate",314626
962,"CapPass",73.71,-89.36,"Trend",0.825,19228.15,19238.19,962,"E-11","Alloy 617","Plate",314626
963,"CapPass",72.88,-93.11,"Trend",0.783,19248.15,19258.21,963,"E-11","Alloy 617","Plate",314626
964,"CapPass",73.39,-89.35,"Trend",0.821,19268.17,19278.20,964,"E-11","Alloy 617","Plate",314626
965,"CapPass",73.51,-89.83,"Trend",0.818,19288.18,19298.22,965,"E-11","Alloy 617","Plate",314626
966,"CapPass",72.25,-90.33,"Trend",0.800,19308.18,19318.24,966,"E-11","Alloy 617","Plate",314626
967,"CapPass",72.59,-87.94,"Trend",0.825,19328.18,19338.24,967,"E-11","Alloy 617","Plate",314626
968,"CapPass",72.72,-89.44,"Trend",0.813,19348.21,19358.26,968,"E-11","Alloy 617","Plate",314626
969,"CapPass",72.10,-88.88,"Trend",0.811,19368.20,19378.26,969,"E-11","Alloy 617","Plate",314626
970,"CapPass",72.16,-92.92,"Trend",0.777,19388.22,19398.27,970,"E-11","Alloy 617","Plate",314626
971,"CapPass",71.48,-89.22,"Trend",0.801,19408.23,19418.27,971,"E-11","Alloy 617","Plate",314626
972,"CapPass",71.41,-88.33,"Trend",0.808,19428.24,19438.29,972,"E-11","Alloy 617","Plate",314626
973,"CapPass",71.33,-86.69,"Trend",0.823,19448.25,19458.30,973,"E-11","Alloy 617","Plate",314626
974,"CapPass",71.20,-88.45,"Trend",0.805,19468.26,19478.31,974,"E-11","Alloy 617","Plate",314626
975,"CapPass",71.43,-90.46,"Trend",0.790,19488.27,19498.32,975,"E-11","Alloy 617","Plate",314626
976,"CapPass",71.35,-87.48,"Trend",0.816,19508.27,19518.32,976,"E-11","Alloy 617","Plate",314626
977,"CapPass",71.02,-88.85,"Trend",0.799,19528.28,19538.33,977,"E-11","Alloy 617","Plate",314626
978,"CapPass",".",".","Trend",".",19548.29,".",978,"E-11","Alloy 617","Plate",314626

